-- phpMyAdmin SQL Dump
-- version 4.8.4
-- https://www.phpmyadmin.net/
--
-- Hôte : 127.0.0.1:3306
-- Généré le :  lun. 06 mai 2019 à 07:26
-- Version du serveur :  5.7.24
-- Version de PHP :  7.2.14

SET SQL_MODE = "NO_AUTO_VALUE_ON_ZERO";
SET AUTOCOMMIT = 0;
START TRANSACTION;
SET time_zone = "+00:00";


/*!40101 SET @OLD_CHARACTER_SET_CLIENT=@@CHARACTER_SET_CLIENT */;
/*!40101 SET @OLD_CHARACTER_SET_RESULTS=@@CHARACTER_SET_RESULTS */;
/*!40101 SET @OLD_COLLATION_CONNECTION=@@COLLATION_CONNECTION */;
/*!40101 SET NAMES utf8mb4 */;

--
-- Base de données :  `crabase`
--

-- --------------------------------------------------------

--
-- Structure de la table `bovins`
--

DROP TABLE IF EXISTS `bovins`;
CREATE TABLE IF NOT EXISTS `bovins` (
  `id_bovin` varchar(40) NOT NULL,
  `nom_bovin` varchar(30) NOT NULL,
  `sexe` tinyint(4) NOT NULL,
  `mort` tinyint(1) NOT NULL,
  `id_race` tinyint(3) UNSIGNED NOT NULL,
  `id_utilisateur` smallint(5) UNSIGNED NOT NULL,
  PRIMARY KEY (`id_bovin`),
  KEY `id_race` (`id_race`),
  KEY `id_utilisateur` (`id_utilisateur`)
) ENGINE=InnoDB DEFAULT CHARSET=utf8;

--
-- Déchargement des données de la table `bovins`
--

INSERT INTO `bovins` (`id_bovin`, `nom_bovin`, `sexe`, `mort`, `id_race`, `id_utilisateur`) VALUES
('0911219764', 'Gaia 3', 2, 0, 5, 19),
('1744340287', 'Moufflette', 2, 0, 5, 34),
('1744340289', 'Marquise', 2, 0, 5, 34),
('1744340344', 'Noblesse', 2, 0, 5, 34),
('2405215105', 'Omer', 1, 0, 5, 458),
('2405220914', 'Orok', 1, 0, 5, 35),
('2405453095', 'Samoussa', 2, 0, 5, 35),
('2405453097', 'Mayo', 2, 0, 5, 35),
('2405487700', 'Marouchka', 2, 0, 5, 15),
('2405487701', 'Melopee', 2, 0, 5, 15),
('2405640313', 'Nefertiti', 2, 0, 5, 15),
('2405778785', 'Osiris', 2, 0, 5, 438),
('3212513733', 'Hippie', 2, 0, 5, 39),
('3213331515', 'Hesta', 2, 0, 19, 58),
('3214323496', 'Jonquille', 2, 0, 19, 73),
('3215114621', 'Nadia 2', 2, 0, 5, 39),
('3310006218', 'Tourterelle', 2, 0, 6, 51),
('3310052861', 'Ballus', 1, 0, 6, 48),
('33100545520', 'Karine', 2, 1, 5, 31),
('3310088030', 'Fragon', 1, 0, 6, 50),
('3310091322', 'Reinette', 2, 0, 19, 14),
('3310100051', 'Valentine', 2, 0, 6, 46),
('3310100393', 'Chataigne', 2, 0, 6, 53),
('3310105662', 'Lena', 2, 0, 5, 232),
('3310110504', 'Jupiter 2', 3, 0, 5, 459),
('3310174957', 'Lobélie', 2, 0, 6, 50),
('3310174959', 'Bécassine', 2, 0, 6, 51),
('3310195031', 'Monchinette', 2, 0, 6, 46),
('3310195032', 'Aigrette', 2, 0, 6, 53),
('3310195033', 'Epeire', 2, 0, 6, 45),
('3310231301', 'Amande', 2, 0, 5, 22),
('3310311204', 'Carline', 2, 0, 5, 22),
('3310313039', 'Nèfle', 2, 0, 6, 46),
('3310388795', 'Manon', 2, 0, 5, 24),
('3310394357', 'Coquin', 1, 1, 5, 441),
('3310394359', 'Diva', 2, 0, 6, 47),
('3310399681', 'Erica', 2, 0, 6, 53),
('3310399682', 'Gentiane', 2, 1, 6, 53),
('3310399686', 'Bourdaine', 2, 0, 6, 53),
('3310403826', 'Epilobe', 2, 0, 6, 44),
('3310404823', 'Clémence - Aspe', 2, 0, 19, 53),
('3310414449', 'Danette', 2, 0, 5, 22),
('3310419135', 'Sans nom 3', 1, 0, 5, 12),
('3310419137', 'Douine', 2, 0, 5, 12),
('3310424455', 'Elsa', 2, 0, 5, 20),
('3310424457', 'Excelle', 2, 1, 5, 38),
('3310424459', 'Festa', 2, 0, 5, 37),
('3310428933', 'Emeraude', 2, 0, 5, 24),
('3310428938', 'Elegante', 2, 0, 5, 20),
('3310429960', 'Tempête', 2, 0, 6, 46),
('3310429961', 'Fougère de Cousseau', 2, 0, 6, 44),
('3310429963', 'Eglantine', 2, 0, 6, 52),
('3310456310', 'Fulka', 2, 0, 5, 22),
('3310456311', 'Flora', 2, 0, 5, 38),
('3310456312', 'Galoe', 2, 0, 5, 22),
('3310456313', 'Gajoue', 2, 0, 5, 22),
('3310456315', 'Ginon', 2, 0, 5, 40),
('3310456316', 'Garone', 2, 0, 5, 37),
('3310456317', 'Galon', 1, 0, 5, 24),
('3310456318', 'Gargale', 2, 0, 5, 37),
('3310460813', 'Fidèle', 2, 1, 5, 24),
('3310460885', 'Melchior', 3, 0, 5, 7),
('3310460886', 'Ivresse', 2, 0, 5, 232),
('3310498577', 'Indienne', 2, 0, 5, 29),
('3310498578', 'Juvamine', 2, 0, 5, 35),
('3310499703', 'Giroflee', 2, 0, 5, 3),
('3310499704', 'Hortune', 2, 0, 5, 21),
('3310500517', 'Galaxie', 2, 0, 5, 22),
('3310500524', 'Surprise', 2, 0, 5, 20),
('3310501507', 'Harde - Bruyere', 2, 0, 19, 53),
('3310505723', 'Hector', 1, 1, 5, 3),
('3310505724', 'Heidi', 2, 0, 5, 28),
('3310507202', 'Vacca', 2, 0, 6, 45),
('3310507204', 'Pilulaire', 2, 0, 6, 52),
('3310507206', 'Bleue béatrice', 2, 0, 6, 45),
('3310507511', 'Joueuse', 2, 0, 5, 20),
('3310509704', 'Imagine', 2, 0, 5, 15),
('3310509705', 'Julian', 1, 0, 5, 9),
('3310509707', 'Jiorne', 2, 1, 5, 43),
('3310510831', 'Frelon', 1, 1, 6, 46),
('3310510832', 'Argyronète', 2, 0, 6, 44),
('3310510834', 'Bleu Pietro', 1, 0, 6, 53),
('3310510835', 'Rose Faskia', 2, 0, 6, 53),
('3310510836', 'Rose d Avril', 2, 0, 6, 53),
('3310510837', 'Spatule', 2, 0, 6, 53),
('3310510839', 'Christelle', 2, 0, 6, 53),
('3310511070', 'Julo (de Bred)', 1, 1, 6, 49),
('3310512657', 'Isis', 2, 0, 5, 21),
('3310512662', 'Iane', 2, 0, 5, 26),
('3310512670', 'Melusine', 2, 0, 5, 27),
('3310516326', 'Ischnura', 2, 0, 6, 50),
('3310516327', 'Inachis', 1, 0, 6, 48),
('3310516328', 'Jynx', 1, 0, 6, 53),
('3310516330', 'Jonquille', 2, 0, 6, 52),
('3310519151', 'Vulcain', 2, 0, 6, 53),
('3310519152', 'Jouee de Bred', 2, 0, 6, 51),
('3310523166', 'Genette', 2, 0, 6, 49),
('3310523168', 'Renard', 3, 0, 6, 49),
('3310523169', 'Belette', 2, 0, 6, 53),
('3310523170', 'Martre', 2, 0, 6, 53),
('3310523171', 'Fouine', 2, 0, 6, 44),
('3310523172', 'Molinette', 2, 0, 6, 53),
('3310523173', 'Tranquility', 2, 0, 6, 44),
('3310523174', 'Urbain', 1, 0, 6, 48),
('3310524611', 'Harpie', 2, 0, 19, 85),
('3310524616', 'Irenée', 2, 0, 19, 85),
('3310527808', 'Jolietaupe', 2, 0, 5, 31),
('3310527809', 'Jade', 2, 0, 5, 35),
('3310527811', 'Jasmine 2', 2, 0, 5, 31),
('3310530194', 'Jacinthe', 2, 0, 6, 51),
('3310530200', 'Loutre', 2, 1, 6, 46),
('3310530201', 'Linaire', 2, 0, 6, 53),
('3310532743', 'James rose', 1, 0, 6, 51),
('3310532744', 'Sarcelle II', 2, 0, 6, 53),
('3310532745', 'Sittelle', 2, 0, 6, 53),
('3310532748', 'Huppe', 2, 0, 6, 44),
('3310532900', 'GR50', 1, 0, 5, 11),
('3310533422', 'Kanaillout', 2, 0, 5, 21),
('3310533423', 'Kality', 2, 1, 5, 28),
('3310534406', 'Jachaire', 2, 0, 5, 458),
('3310534407', 'Licorne', 2, 0, 5, 7),
('3310534409', 'Lumiere', 2, 0, 5, 458),
('3310534410', 'Lisiaire', 2, 0, 5, 5),
('3310536010', 'Livenne', 2, 0, 5, 29),
('3310536011', 'Lord', 1, 0, 5, 29),
('3310536016', 'Libourne', 1, 0, 5, 43),
('3310536025', 'Lisle', 2, 0, 5, 29),
('3310536026', 'FR 3310536026', 1, 0, 5, 29),
('3310536027', 'Libourne', 2, 0, 5, 29),
('3310536030', '6030', 1, 0, 5, 29),
('3310537633', 'Lullaby', 2, 0, 6, 46),
('3310539185', 'Jesse', 2, 0, 5, 22),
('3310539187', 'Jyga', 2, 0, 5, 463),
('3310539188', 'Jacouly', 1, 0, 5, 38),
('3310539189', 'Josse', 2, 0, 5, 22),
('3310539190', 'Louane 2', 2, 1, 5, 22),
('3310539898', 'Bergeronnette', 2, 0, 6, 44),
('3310539899', 'Echasse', 2, 0, 6, 44),
('3310539902', 'Massette', 2, 0, 6, 52),
('3310539903', 'Tibellus', 2, 0, 6, 44),
('3310539904', 'Dolomedes', 2, 0, 6, 44),
('3310544805', 'Liesse', 2, 0, 5, 54),
('3310544806', 'Line', 2, 0, 5, 38),
('3310544807', 'Luchi', 1, 0, 5, 2),
('3310544808', 'Maroni', 3, 0, 5, 54),
('3310544809', 'Meknes', 3, 0, 5, 12),
('3310545515', 'Quinoa', 2, 0, 5, 31),
('3310545517', 'Linda', 2, 0, 5, 31),
('3310545518', 'Sans nom 8', 1, 0, 5, 31),
('3310545565', 'Litchi', 2, 0, 5, 169),
('3310546219', 'Petite Fleur', 2, 0, 6, 44),
('3310546221', 'Luciole', 2, 0, 6, 44),
('3310546222', 'Cetti', 2, 0, 6, 53),
('3310546224', 'Ecorce', 2, 0, 6, 46),
('3310546225', 'Mousse', 2, 0, 6, 44),
('3310546226', 'Lune', 2, 0, 6, 52),
('3310546228', 'Callitriche', 2, 0, 6, 52),
('3310546231', 'Calamite', 1, 0, 6, 49),
('3310546233', 'Julia Rose', 2, 0, 6, 44),
('3310546948', '6948', 2, 0, 5, 26),
('3310546950', '6950', 2, 0, 5, 26),
('3310547038', 'Moon', 2, 0, 6, 54),
('3310547387', 'Linotte', 2, 0, 6, 52),
('3310547388', 'Louve', 2, 0, 6, 53),
('3310547390', 'Mouette', 2, 0, 6, 53),
('3310547391', 'Mauve', 2, 0, 6, 53),
('3310547392', 'Mésange', 2, 0, 6, 52),
('3310547393', 'Musaraigne', 2, 0, 6, 46),
('3310547394', 'Mélitée', 2, 0, 6, 52),
('3310547395', 'Mulot', 1, 0, 6, 49),
('3310547396', 'Lamproie', 2, 0, 6, 46),
('3310549053', 'Luna', 2, 0, 5, 9),
('3310549535', 'Medoc', 2, 0, 5, 29),
('3310549537', 'Machupichu', 2, 0, 5, 29),
('3310549540', 'Mascaret', 2, 0, 5, 29),
('3310549546', '9546', 1, 0, 5, 29),
('3310549548', 'FR 3310549548', 1, 0, 5, 29),
('3310549554', 'Margaux', 2, 0, 5, 29),
('3310549608', 'Karamelle', 2, 1, 5, 28),
('3310549609', 'Kraquante', 2, 1, 5, 28),
('3310549610', 'Kermite', 2, 1, 5, 28),
('3310550266', 'Lovely', 2, 0, 5, 455),
('3310550271', 'Marguerite', 2, 0, 5, 20),
('3310550272', 'Moustik', 1, 0, 5, 23),
('3310550276', 'Masma', 2, 0, 5, 20),
('3310550277', 'Nesquick (Guenon)', 1, 1, 5, 20),
('3310550278', 'Nestle', 1, 1, 5, 20),
('3310550279', 'Nevada', 1, 1, 5, 20),
('3310550280', 'Nirvana', 1, 1, 5, 20),
('3310550629', 'Merlin', 3, 0, 5, 20),
('3310550704', 'Nuggets', 1, 1, 6, 53),
('3310551428', 'Mercure', 1, 0, 5, 54),
('3310551429', 'Minos', 3, 0, 5, 54),
('3310551490', 'Marouette', 2, 1, 6, 53),
('3310551491', 'Mendoza', 3, 0, 6, 51),
('3310551492', 'Martin', 3, 0, 6, 51),
('3310551493', 'Nenuphar', 1, 0, 6, 49),
('3310551670', 'Mess', 2, 0, 5, 465),
('3310551671', 'Moss', 2, 0, 5, 26),
('3310551675', 'Maline', 2, 0, 5, 26),
('3310551676', 'FR 3310551676', 1, 0, 5, 22),
('3310551677', 'FR 3310551677', 2, 0, 5, 22),
('3310551678', 'FR 3310551678', 2, 0, 5, 22),
('3310551679', 'Leeloo', 2, 0, 5, 28),
('3310551680', 'Lilas 2', 2, 1, 5, 28),
('3310551681', 'Lizeron', 2, 0, 5, 28),
('3310551683', 'Lenine', 1, 0, 5, 28),
('3310551690', 'Mazarine', 2, 0, 5, 457),
('3310551691', 'Mystere', 1, 1, 5, 5),
('3310551693', 'Mangue', 2, 1, 5, 5),
('3310551694', 'Moutchie', 2, 0, 5, 438),
('3310551695', 'Nolan', 1, 1, 5, 54),
('3310551696', 'Neptune', 1, 0, 5, 54),
('3310551697', 'Nynthe', 2, 0, 5, 2),
('3310551703', 'Marvin', 3, 0, 5, 54),
('3310551704', 'Malouine', 1, 0, 5, 60),
('3310551705', 'Niocchi', 1, 1, 5, 12),
('3310552318', 'Mimosa', 2, 0, 5, 38),
('3310552319', 'Marguerite', 2, 0, 5, 38),
('3310553906', 'Muscadelle', 2, 0, 6, 52),
('3310553907', 'Vigne', 2, 0, 6, 45),
('3310553908', 'Royale', 2, 0, 6, 44),
('3310553912', 'Loutre de Cousseau', 2, 0, 6, 52),
('3310553914', 'Ronce', 2, 0, 6, 46),
('3310553915', 'Hottonie', 2, 1, 6, 52),
('3310553916', 'Mygale', 2, 0, 6, 45),
('3310553917', 'Diégo', 1, 1, 6, 45),
('3310556243', 'Julie', 2, 0, 5, 31),
('3310556244', 'Nante', 2, 0, 5, 31),
('3310556245', 'Nemie', 2, 0, 5, 31),
('3310556247', 'Nageuse', 2, 0, 5, 31),
('3310556249', 'FR 3310556249', 1, 0, 5, 31),
('3310556871', 'Noblesse', 2, 0, 5, 54),
('3310556873', 'Oin', 1, 0, 5, 12),
('3310557980', 'Sans nom 7', 2, 0, 5, 26),
('3310560239', 'Marguerite 4', 2, 0, 5, 8),
('3310560240', 'Mirabelle 2', 2, 0, 5, 8),
('3310560241', 'Nerine', 2, 0, 5, 232),
('3310560242', 'Negrette', 2, 0, 5, 232),
('3310560243', 'Narcisse', 1, 0, 5, 232),
('3310560259', 'Mousseline', 2, 0, 5, 17),
('3310560838', 'Nectar', 3, 0, 6, 50),
('3310560839', 'Noisette', 2, 0, 6, 25),
('3310560840', 'Nuage', 1, 0, 6, 51),
('3310560841', 'Nardus', 1, 1, 6, 51),
('3310561381', 'FR 3310561381', 2, 1, 5, 11),
('3310561659', 'Nymphéa', 2, 1, 6, 52),
('3310561660', 'Nénuphar', 1, 1, 6, 46),
('3310561661', 'Noctule', 2, 0, 6, 52),
('3310561662', 'Nèpe', 2, 0, 6, 46),
('3310561663', 'Natrix', 1, 1, 6, 46),
('3310561664', 'Orme', 1, 1, 6, 46),
('3310561665', 'Osier', 1, 1, 6, 46),
('3310561666', 'Orthetrum', 1, 0, 6, 46),
('3310561667', 'Orvet', 1, 0, 6, 46),
('3310562837', 'Ynola', 2, 1, 5, 24),
('3310562952', 'Niagara', 2, 0, 5, 42),
('3310564296', 'Nitraire', 1, 1, 5, 169),
('3310564297', 'Naire', 1, 0, 5, 169),
('3310564298', 'Oshi', 2, 0, 5, 169),
('3310564443', 'Narcisse', 1, 1, 6, 50),
('3310564444', 'Neflier', 3, 0, 6, 51),
('3310564445', 'Oyat', 1, 0, 6, 50),
('3310565512', 'Niaouli', 2, 0, 5, 38),
('3310565513', 'Noisette', 2, 0, 5, 38),
('3310565623', 'Osborne', 1, 0, 5, 7),
('3310565624', 'Nabucho', 2, 0, 5, 7),
('3310567249', 'Liseron', 2, 0, 6, 52),
('3310567250', 'Grémillon', 1, 1, 6, 52),
('3310567597', 'FR 3310567597', 2, 0, 5, 24),
('3310567616', 'Nokia', 2, 0, 5, 22),
('3310567622', 'Ocean', 1, 0, 6, 51),
('3310567624', 'Ourson', 1, 0, 6, 51),
('3310568522', 'Nohee', 2, 0, 5, 33),
('3310569049', 'Nashi', 3, 0, 5, 25),
('3310569091', 'Mirza', 2, 0, 5, 28),
('3310569094', 'Mister', 1, 0, 5, 28),
('3310569098', 'Nestor', 1, 0, 5, 28),
('3310569100', 'Moirode', 2, 0, 5, 28),
('3310569590', 'Orchis', 2, 0, 5, 54),
('3310569591', 'Ombellifere', 2, 0, 5, 169),
('3310569592', 'Odite', 1, 0, 5, 54),
('3310569593', 'Onesse', 2, 0, 5, 54),
('3310570645', 'Noeline', 2, 0, 5, 17),
('3310570666', '0666', 1, 0, 5, 26),
('3310574307', 'Aeschne', 2, 0, 6, 45),
('3310574308', 'Demoiselle', 2, 0, 6, 45),
('3310574309', 'Cordulie', 2, 0, 6, 45),
('3310574310', 'Naiade', 2, 0, 6, 45),
('3310574311', 'Anax', 1, 0, 6, 45),
('3310574312', 'Tanche', 2, 0, 6, 45),
('3310574313', 'Agrillon', 1, 0, 6, 45),
('3310574314', 'Ablette', 2, 0, 6, 45),
('3310574315', 'Zygo', 1, 0, 6, 45),
('3310574316', 'Leste', 1, 0, 6, 45),
('3310574387', 'Onande', 2, 0, 5, 31),
('3310574388', '4388', 1, 0, 5, 31),
('3310574391', 'Opaque', 2, 0, 5, 31),
('3310574392', '4392', 1, 0, 5, 31),
('3310574393', 'Oceane', 2, 0, 5, 31),
('3310575081', 'Nina', 2, 0, 5, 28),
('3310576466', 'Oenothere', 1, 0, 5, 169),
('3310577691', 'Othello', 1, 0, 5, 42),
('3310577975', 'Obsidienne', 2, 0, 6, 51),
('3310577976', 'Oggy', 1, 0, 6, 51),
('3320493134', 'Estuaire', 2, 0, 5, 460),
('3320513233', 'Garonne', 2, 0, 5, 29),
('3320513246', 'Gironde', 2, 0, 5, 29),
('3320524292', 'Hourtin', 2, 0, 5, 29),
('3320525171', 'Helios', 1, 0, 5, 4),
('3320530427', 'FR 3320530427', 1, 0, 5, 29),
('3320530430', 'Iondalar', 1, 1, 5, 29),
('3320531571', 'Johee', 2, 0, 5, 33),
('3320537232', 'Jalle', 2, 0, 5, 29),
('3320537235', 'Jig', 2, 0, 5, 29),
('3320537236', 'Junon', 2, 0, 5, 29),
('3320537241', 'Jarilo', 2, 0, 5, 29),
('3320537242', 'Joconde', 2, 0, 5, 35),
('3320537243', 'Jaguar', 2, 1, 5, 29),
('3320537248', 'Jarouille', 2, 0, 5, 29),
('3320537255', 'Jourdenne', 2, 0, 5, 29),
('3320537256', 'Jamaique', 2, 0, 5, 29),
('3320553186', 'Marquisett', 2, 0, 5, 2),
('3320561000', 'Marée 2', 2, 0, 5, 29),
('3320561003', 'Macau', 2, 0, 5, 29),
('3320561009', 'Tite 2017', 1, 1, 5, 29),
('3320561011', 'Flageat 2017', 1, 1, 5, 29),
('3320561019', 'FR 3320561019', 2, 1, 5, 29),
('3320561022', 'Naiade', 2, 0, 5, 29),
('3320561030', 'FR 3320561030', 1, 1, 5, 29),
('3320561033', 'Noblecoeur', 1, 1, 5, 29),
('3320561036', 'FR 3320561036', 2, 1, 5, 29),
('3320561037', 'FR 3320561037', 2, 0, 5, 29),
('3320569290', 'Nesquimau', 1, 1, 5, 2),
('3320571045', 'Nonette', 2, 0, 5, 2),
('3320575410', 'FR 3320575410', 1, 0, 5, 29),
('3320575411', 'FR 3320575411', 1, 0, 5, 29),
('3320575415', 'Opera', 2, 0, 5, 29),
('3320575426', '5426', 1, 0, 5, 29),
('3320576979', 'Origan', 1, 0, 5, 2),
('3330161710', 'Ciorne', 2, 0, 5, 7),
('3330161752', 'Deesse', 2, 0, 5, 12),
('3330189295', 'Borde', 2, 0, 5, 21),
('3330189330', 'Hermynie', 2, 0, 5, 21),
('3330189355', 'Mère Liane', 2, 0, 5, 21),
('3330198649', 'Muscari', 1, 0, 5, 29),
('3330207206', 'Janv', 1, 0, 5, 21),
('3330207207', '7207', 1, 0, 5, 21),
('3330207208', 'Louane', 2, 0, 5, 12),
('3330207209', 'Liane', 2, 0, 5, 13),
('3330209787', 'Jeunette', 2, 0, 5, 2),
('3330212718', 'Leopard', 1, 1, 5, 12),
('3330212723', 'Lanterne', 2, 0, 5, 24),
('3330216076', 'La Borde', 2, 0, 5, 21),
('3330216077', 'Lalanne', 2, 0, 5, 54),
('3330216078', 'Lalim', 2, 0, 5, 21),
('3330216368', 'Libellule', 2, 0, 5, 43),
('3330217138', 'Liette', 2, 0, 5, 24),
('3330219060', 'Mistinguet', 2, 0, 5, 13),
('3330219061', 'Mirette', 2, 0, 5, 13),
('3330222781', 'Medule', 1, 0, 5, 13),
('3330222782', 'Medius', 1, 0, 5, 13),
('3330222804', 'Matrone', 2, 0, 5, 13),
('3330222806', 'Maori', 1, 1, 5, 13),
('3330223137', 'Odin', 1, 0, 5, 12),
('3330223138', 'Origami', 2, 0, 5, 12),
('3330223139', 'Oman', 1, 0, 5, 12),
('3330223377', 'Dorine', 2, 0, 5, 21),
('3330223378', 'Oeil Bleu', 2, 0, 5, 21),
('3330223380', 'Blanche', 2, 1, 5, 21),
('3330223385', 'Bord 2', 2, 0, 5, 21),
('3330228376', 'Nuisette', 2, 0, 5, 13),
('3330228380', 'Nostress', 1, 1, 5, 13),
('3330228389', 'Niet', 1, 1, 5, 13),
('3330228821', 'Napolitain', 3, 0, 5, 20),
('3330228822', 'Nougat', 1, 0, 5, 31),
('3330228823', 'Nebuleuse', 2, 0, 5, 20),
('3330228824', 'Neptune', 1, 0, 5, 20),
('3330228825', 'Nature', 2, 0, 5, 20),
('3330228826', 'Nounouille', 1, 1, 5, 20),
('3330228828', 'Nrs', 2, 0, 5, 20),
('3330228829', 'Obelix', 1, 0, 5, 20),
('3330228830', 'Oreo', 1, 0, 5, 20),
('3330228882', 'Nankin', 1, 0, 5, 54),
('3330228883', 'Nandini', 1, 1, 5, 12),
('3330229158', '20 avril', 2, 0, 5, 21),
('3330229166', 'Lalanne 2 2017', 1, 1, 5, 21),
('3330229168', 'Lalanne 3 2017', 1, 1, 5, 21),
('3330229171', 'Bord 9171', 2, 1, 5, 21),
('3330229173', 'Bordelaise', 2, 0, 5, 21),
('3330229175', 'Bordelaise', 2, 0, 5, 21),
('3330229176', 'Dorine', 2, 0, 5, 21),
('3330230452', 'Noctambule', 1, 1, 5, 13),
('3330230453', 'Nestor', 1, 1, 5, 13),
('3330230454', 'Nougatine', 2, 0, 5, 13),
('3330233838', 'Lalanne 3838', 2, 0, 5, 21),
('3330233840', 'Dorine 3840', 2, 0, 5, 21),
('3330233841', 'Dorine 3841', 2, 0, 5, 21),
('3330233845', 'Dorine 3845', 2, 0, 5, 21),
('3330233848', 'Dorine 3848', 2, 0, 5, 21),
('3330233852', 'Dorine 3852', 2, 0, 5, 21),
('3330233991', 'Osiris', 2, 0, 5, 20),
('3330233992', 'Ouragan', 1, 0, 5, 20),
('3330234160', 'Oedipe', 1, 0, 5, 13),
('3330234171', 'Orne', 2, 0, 5, 13),
('3330234173', 'Ondine', 2, 0, 5, 13),
('3330234176', 'Oligule', 2, 0, 5, 13),
('3340007811', 'Rosita', 2, 0, 6, 53),
('3340013015', 'Osmonde', 2, 0, 6, 52),
('3340013017', 'Carte géographique', 2, 0, 6, 53),
('3340013780', 'Diane', 2, 1, 5, 31),
('3340018075', 'Salicaire', 2, 0, 6, 45),
('3340018986', 'Guanaca', 2, 0, 6, 53),
('3340018987', 'Cettia', 2, 0, 6, 45),
('3340018988', 'Fulca', 2, 0, 6, 48),
('3340018989', 'Fauvette', 2, 0, 6, 44),
('3340018991', 'Flora', 2, 0, 6, 45),
('3340018992', 'Fougère de Bruges', 2, 0, 6, 53),
('3340018999', 'Juliette', 2, 0, 5, 21),
('3340021730', 'Edouard', 1, 1, 5, 12),
('3340021732', 'Ellebore', 2, 0, 5, 28),
('3340021745', 'Fitnes', 1, 0, 5, 20),
('3340021749', 'Galinette', 2, 0, 5, 27),
('3340021982', 'Fliscade', 2, 0, 19, 85),
('3340021988', 'Gentille', 2, 0, 19, 85),
('3340024040', 'Bécasse', 2, 0, 6, 45),
('3340024041', 'Libellule', 2, 0, 6, 45),
('3340024042', 'Lise Rose', 2, 0, 6, 44),
('3340024044', 'Cistude', 2, 0, 6, 49),
('3340024045', 'Grue', 2, 0, 6, 44),
('3340024046', 'Roselyne', 2, 0, 6, 44),
('3340024047', 'Rose-Marie', 2, 0, 6, 53),
('3340024048', 'Hirondelle de Cousseau', 2, 0, 6, 25),
('3340024645', 'Ficaire', 2, 0, 5, 169),
('3340024646', 'Frenette', 2, 1, 5, 13),
('3340024647', 'Fillette', 2, 0, 5, 13),
('3340024656', 'Gamine', 2, 0, 5, 20),
('3340024658', 'Irvin', 1, 0, 5, 458),
('3340024659', 'Iphigenie', 2, 0, 5, 9),
('3340024660', 'Inesse', 2, 0, 5, 29),
('3340024661', 'Irchie', 2, 1, 5, 12),
('3340024662', 'Ialine', 2, 0, 5, 232),
('3340024663', 'Jasmine', 2, 0, 5, 15),
('3340025631', 'Garzette', 2, 0, 6, 45),
('3340025633', 'Gesse', 2, 0, 6, 50),
('3340025638', 'Ibis', 1, 0, 6, 53),
('3340025639', 'Iris', 2, 0, 6, 53),
('3340026030', 'Galiurn', 2, 0, 5, 460),
('3340026033', 'Hulule', 2, 0, 5, 13),
('3340026034', 'Hermine', 2, 0, 5, 13),
('3340026500', 'Jonquille', 2, 0, 5, 20),
('3340026501', 'Gaia 2', 2, 0, 5, 20),
('3340026502', 'Jarl', 3, 0, 5, 20),
('3340026503', 'Jadis', 2, 0, 5, 20),
('3340026505', 'Lagertha', 2, 0, 5, 20),
('3340026506', 'Lekinder', 1, 1, 5, 20),
('3340026507', 'Lucile', 2, 0, 5, 20),
('3340027171', 'Justesse', 2, 0, 5, 42),
('3340027173', 'Louin', 3, 0, 5, 12),
('3340027174', 'Luchini', 3, 0, 5, 20),
('4004202415', 'Djinn', 2, 0, 19, 14),
('4004202421', '4004202421', 2, 0, 19, 14),
('4004294145', 'Latapy', 2, 0, 6, 51),
('4004294147', 'Dou Termy', 3, 0, 6, 53),
('4004294148', 'Hauchon', 3, 0, 6, 53),
('4004294149', 'Gentiane 2', 2, 1, 6, 53),
('4004319314', 'Joli cœur', 2, 0, 5, 37),
('4004319316', 'Jupiter 4', 1, 0, 5, 37),
('4004334487', 'Chloe', 2, 0, 6, 53),
('4004334488', 'Ossifrage', 2, 0, 6, 53),
('4004334489', 'Bernin', 3, 0, 6, 53),
('4004334905', 'Estrigon', 3, 0, 6, 53),
('4004334906', 'Vignacq', 3, 0, 6, 53),
('4004334907', 'Anguille', 2, 0, 6, 50),
('4004334908', 'Los', 1, 0, 6, 53),
('4004334909', 'Palombe', 2, 0, 6, 52),
('4004366172', 'Drosera', 2, 0, 6, 53),
('4004366173', 'Bise', 2, 0, 6, 53),
('4004366174', 'Epervier', 3, 0, 6, 51),
('4004366175', 'Dune', 2, 0, 6, 53),
('4004366176', 'Sable', 1, 0, 6, 46),
('4004379514', 'Forges', 2, 0, 6, 53),
('4004379515', 'Trèfle d eau', 1, 0, 6, 53),
('4004379516', 'Phragmite', 2, 0, 6, 53),
('4004379517', 'Fadet', 3, 0, 6, 53),
('4004379518', 'Hélène', 2, 0, 6, 51),
('4004379519', 'Ménélas', 3, 0, 6, 53),
('4004379520', 'Moïsan', 1, 1, 6, 53),
('4004379521', 'Escource', 1, 0, 6, 53),
('4004379522', 'Tourbe', 2, 0, 6, 53),
('4004379523', 'Flèche', 2, 0, 6, 51),
('4004380841', 'Koquette', 2, 0, 5, 37),
('4004380842', 'Melissa', 2, 0, 5, 37),
('4004380843', 'Mascarade', 2, 0, 5, 37),
('4004385716', 'Lisette', 2, 0, 5, 10),
('4004392047', 'Silice', 2, 0, 19, 53),
('4004392048', 'Bruyere', 2, 0, 19, 53),
('4004402282', 'Mohawk', 3, 0, 6, 51),
('4004402283', 'FDC 2016 C', 3, 0, 6, 53),
('4004402284', 'Mohican', 3, 0, 6, 51),
('4004402285', 'FDC 2016 D', 3, 0, 6, 53),
('4004402286', 'FDC 2016 F', 3, 0, 6, 53),
('4004402287', 'Natacha', 2, 0, 6, 53),
('4004402288', 'FDC 2016 G', 3, 0, 6, 53),
('4004402289', 'FDC 2016 A', 3, 0, 6, 53),
('4004402290', 'Rousserole', 2, 0, 6, 53),
('4004402291', 'FDC 2016 B', 3, 0, 6, 53),
('4004406218', 'Marquise 2', 2, 0, 5, 169),
('4004406221', 'FR 4004406221', 2, 0, 5, 37),
('4004413468', 'FDC 2016 E', 3, 0, 6, 53),
('4004413469', 'FDC 2017 1', 1, 0, 6, 53),
('4004413470', 'FDC 2017 2', 1, 0, 6, 53),
('4004413471', 'Vigne 2', 2, 0, 6, 53),
('4004413472', 'FDC 2017 3', 1, 1, 6, 53),
('4004417318', 'FDC 2017 4', 1, 0, 6, 53),
('4004417319', 'Crevette', 2, 0, 6, 53),
('4004417321', 'Pinede', 2, 0, 6, 53),
('4004417322', 'Aureilhan', 1, 0, 6, 53),
('4004417323', 'Gaouchey', 1, 0, 6, 53),
('4004417324', 'PIbale', 2, 0, 6, 53),
('4004417325', 'Laouadie', 2, 0, 6, 53),
('4004417326', 'Navarosse', 1, 0, 6, 53),
('4004417327', 'Argeleres', 2, 0, 6, 53),
('4004417586', 'FR 4004417586', 2, 0, 5, 37),
('4004417743', 'St Orens 2017', 1, 1, 5, 37),
('4004417745', 'FR 4004417745', 2, 0, 5, 37),
('4004417746', 'Nebuleuse', 2, 0, 5, 37),
('4004417747', 'Nimbus', 1, 0, 5, 37),
('4004426795', 'Neige', 2, 0, 5, 37),
('4004429620', 'Noelle', 2, 0, 5, 37),
('4004429621', 'Ondee', 2, 0, 5, 37),
('4004429626', '9626', 1, 0, 5, 37),
('4004431376', 'Ispe', 2, 0, 6, 53),
('4004431377', 'Born', 1, 0, 6, 53),
('4004431378', 'Montespade', 1, 0, 6, 53),
('4004431379', 'Aiguille', 2, 0, 6, 53),
('4004431380', 'Bruine', 2, 0, 6, 53),
('4004431381', 'Maguide', 2, 0, 6, 53),
('4004431382', 'Le Tuc', 1, 0, 6, 53),
('4004431383', 'Loustalot', 1, 0, 6, 53),
('4004431384', '1384', 1, 0, 6, 53),
('4004431385', 'Estantade', 2, 0, 6, 53),
('4004439611', 'Abeille', 2, 0, 6, 53),
('4004439612', 'Tuilerie', 2, 0, 6, 53),
('4004439613', 'Balidade', 2, 0, 6, 53),
('4004439614', 'Venus', 2, 0, 6, 53),
('4004439615', '9615', 1, 0, 6, 53),
('4004439616', '9616', 1, 0, 6, 53),
('4004439617', 'Canelle', 2, 0, 6, 53),
('4004439618', 'Vanille', 2, 0, 6, 53),
('4430081038', 'Ivanea', 2, 0, 5, 23),
('4430085978', 'Elvina', 2, 0, 5, 54),
('4430086098', 'Héléna', 2, 0, 19, 23),
('4490806168', 'Isa-Bella', 2, 0, 5, 464),
('4490806228', 'Laguna', 2, 0, 5, 23),
('4490806272', 'Mindiana', 2, 0, 5, 23),
('4490806274', 'Magniolia', 2, 0, 5, 23),
('4490806286', 'Miranda', 2, 0, 5, 23),
('4490806288', 'Melvina', 2, 0, 5, 23),
('4490806298', 'Marina', 2, 0, 5, 23),
('4490806348', 'Noa-bella', 2, 0, 5, 23),
('4490806391', 'Malaga', 1, 1, 5, 23),
('4490806418', 'Naoneda', 2, 0, 5, 23),
('4490806438', 'Olivanea', 2, 0, 5, 23),
('4632974022', 'Tirouette', 2, 0, 19, 78),
('4632974030', 'Amaguy', 2, 0, 19, 77),
('4632974032', 'Urtine', 2, 0, 19, 62),
('4632974039', 'Baguy', 2, 0, 19, 85),
('4724009514', 'Lascar', 1, 0, 5, 169),
('4724009515', 'Lalou', 2, 0, 5, 438),
('4728001397', 'Irlande', 2, 0, 5, 27),
('4729000084', 'Jahil', 2, 0, 5, 4),
('4729001491', 'Jango', 1, 0, 5, 31),
('4730001593', 'Luciole', 2, 0, 5, 3),
('4730001600', 'Linotte', 2, 0, 5, 3),
('4730001607', 'Melodie', 2, 0, 5, 3),
('4730007232', 'Marquis', 1, 0, 5, 40),
('4730007981', 'Mesange', 2, 0, 5, 3),
('4730010988', 'Boche 2017', 3, 0, 5, 4),
('4730015952', 'Mingue', 1, 0, 5, 3),
('4730015954', 'Noiraude', 2, 0, 5, 27),
('4730016091', 'Narnia', 2, 0, 5, 3),
('4730024301', 'Mars', 3, 0, 5, 4),
('4730026629', 'Nikita', 2, 0, 5, 35),
('4730026630', 'Neo', 1, 0, 5, 4),
('4730028010', 'Noisette', 2, 0, 5, 27),
('4730028011', 'Narco', 1, 0, 5, 54),
('4730028012', 'Nala', 2, 0, 5, 462),
('4730031272', 'Obrigado', 1, 0, 5, 40),
('4730033080', 'Nimba', 2, 0, 5, 3),
('4730038170', 'Ondine', 2, 0, 5, 460),
('4730038171', 'Odette', 2, 0, 5, 460),
('4730039523', 'Oceane', 2, 0, 5, 27),
('4730039524', 'Obelix', 1, 0, 5, 27),
('4730040212', 'O', 1, 0, 5, 3),
('4730040217', 'Obelix', 1, 0, 5, 3),
('4730040220', 'Occitan', 1, 0, 5, 3),
('4730040228', 'Olof', 1, 0, 5, 3),
('4730042800', 'Orlof', 1, 0, 5, 460),
('6404615847', 'Occitane', 2, 0, 19, 85),
('6411024760', 'Orionaa', 2, 0, 19, 81),
('6411121843', 'Ondine', 2, 0, 19, 82),
('6411179764', 'Mignounno', 2, 0, 19, 78),
('6411203434', '3434', 2, 0, 19, 119),
('6411250965', 'Soumette', 2, 0, 19, 81),
('6411250966', 'Saoubiste', 2, 0, 19, 81),
('6411250971', 'Sourdaa', 2, 0, 19, 81),
('6411250978', 'Tortora', 2, 0, 19, 81),
('6411312409', 'Tempête', 2, 0, 19, 69),
('6411350558', 'Houchette', 2, 0, 19, 66),
('6411381649', 'Tourziotte', 2, 0, 19, 81),
('6411381651', 'Trangada', 2, 0, 19, 81),
('6411381654', 'Marie', 2, 0, 19, 78),
('6411459213', 'Burgala', 2, 1, 5, 36),
('6411498623', 'Valentine', 2, 0, 19, 78),
('6411532021', 'Barouse', 2, 0, 19, 75),
('6411544744', 'Valérie', 2, 0, 19, 85),
('6411553859', 'Goutet - Luzia', 2, 0, 19, 88),
('6411554668', 'Valide', 2, 0, 19, 85),
('6411554676', 'Abasque', 2, 0, 19, 70),
('6411601612', 'Volige', 2, 0, 19, 89),
('6411601616', 'Vachette', 2, 0, 19, 85),
('6411628629', 'Anisette', 2, 0, 19, 82),
('6411648405', 'Bladette', 2, 0, 19, 82),
('6411684558', 'Palette', 2, 0, 19, 72),
('6411691618', 'Alouette', 2, 0, 19, 129),
('6411713110', '3110', 2, 0, 19, 85),
('6411716022', 'Couloume', 2, 0, 19, 82),
('6411763717', 'Cornaluda', 2, 0, 19, 82),
('6411768161', 'Ictoire', 2, 0, 19, 85),
('6411802917', 'Palette', 2, 0, 19, 78),
('6411817452', 'Bibane', 2, 0, 5, 4),
('6411866604', 'Dulcania', 2, 1, 5, 36),
('6411873308', 'BPN', 2, 0, 5, 32),
('6411886496', 'Carlita', 2, 0, 19, 131),
('6412021147', 'Houche', 2, 0, 19, 64),
('6412028416', 'Crimalh', 2, 0, 19, 82),
('6412057839', 'Docina', 2, 0, 19, 81),
('6412057841', 'Dgenola', 2, 0, 19, 81),
('6412078195', 'Carmelite', 2, 0, 5, 6),
('6412091039', 'Parouquett', 2, 0, 19, 75),
('6412118701', 'Fenoulhet', 2, 0, 19, 85),
('6412158572', 'Delisa', 2, 0, 19, 71),
('6412180729', 'Estella', 2, 0, 19, 81),
('6412180733', 'Florina', 2, 0, 19, 81),
('6412180736', 'Friponeta', 2, 0, 19, 81),
('6412184918', 'Eleis', 2, 0, 19, 75),
('6412211156', 'Eglantine 1', 2, 1, 5, 1),
('6412211159', 'Estelle', 2, 0, 5, 39),
('6412230743', 'Eysine', 2, 0, 5, 29),
('6412259719', 'Vola-Maria', 2, 0, 5, 32),
('6412259724', 'Capucine', 2, 0, 5, 32),
('6412271380', 'Ecoute - Kattalin', 2, 0, 19, 88),
('6412293162', 'Fayous', 2, 0, 19, 67),
('6412802785', 'Eve', 2, 0, 19, 129),
('6412803610', 'Farou', 2, 0, 5, 20),
('6412803612', 'Fabiola', 2, 0, 5, 20),
('6412825529', 'Frasque', 2, 0, 19, 70),
('6412845376', 'Foudre', 2, 0, 19, 69),
('6412874324', 'Frinestou', 2, 0, 19, 84),
('6412886281', '6412886281', 1, 0, 19, 85),
('6412891148', 'Gueolaille', 2, 0, 5, 6),
('6412891150', 'Girondine', 2, 0, 5, 6),
('6412936503', 'Genie', 2, 0, 5, 34),
('6412936506', 'Geraldine', 2, 0, 5, 34),
('6412949945', 'Floreta', 2, 0, 19, 82),
('6412951173', 'Furette', 2, 0, 19, 74),
('6413023864', 'Idole', 2, 0, 5, 1),
('6413023868', 'Julie', 2, 0, 5, 1),
('6413023870', 'Justine', 2, 0, 5, 1),
('6413033696', 'Illac', 2, 0, 5, 6),
('6413082905', 'Houche', 2, 0, 19, 16),
('6413161370', 'Grenadine', 2, 0, 5, 10),
('6413161373', 'Hilda', 2, 0, 5, 1),
('6413161374', 'Hirondelle', 2, 0, 5, 82),
('6413161375', 'Hermine 2', 2, 0, 5, 1),
('6413161376', 'Hamanda', 2, 0, 5, 1),
('6413233646', 'Laura', 2, 0, 19, 62),
('6413233647', 'Maia', 2, 0, 19, 62),
('6413233652', 'Marguerite', 2, 0, 19, 62),
('6413383703', 'Ichère', 2, 0, 19, 62),
('6413383704', 'Arougette', 2, 0, 19, 127),
('6413383707', 'Justine', 2, 0, 19, 89),
('6413617272', 'Delphine', 2, 0, 19, 63),
('6413617275', 'Dany', 2, 0, 19, 76),
('6414033110', 'Fiona', 2, 0, 19, 71),
('6414035105', 'Gaujosa', 2, 0, 19, 81),
('6414035116', 'Immortela', 2, 0, 19, 81),
('6414046522', 'Gabarre', 2, 0, 19, 83),
('6414046545', 'Hade', 2, 0, 19, 64),
('6414053444', 'Houndorbe', 1, 0, 19, 85),
('6414060324', 'Beroja', 2, 0, 19, 65),
('6414070770', 'Hadet', 2, 0, 19, 82),
('6414074653', 'Gabe', 2, 0, 19, 74),
('6414081063', 'Houline', 2, 0, 19, 89),
('6414082756', 'Hedda', 2, 0, 19, 62),
('6414085851', 'Jambete', 2, 0, 19, 86),
('6414088741', 'Helianteme', 2, 0, 5, 32),
('6414099754', 'Jekaterina - Joyeuse', 2, 0, 19, 128),
('6414104769', '6414104769', 2, 0, 19, 75),
('6414119524', 'Simmental', 2, 0, 19, 85),
('6414119528', 'Jolie', 2, 0, 19, 85),
('6414119529', 'Jougadou', 1, 0, 19, 12),
('6414134869', 'Amapola', 2, 0, 19, 69),
('6414134870', 'Ela', 2, 0, 19, 69),
('6414134871', 'Chouia', 2, 0, 19, 69),
('6414141754', 'Iris', 2, 0, 19, 71),
('6414143126', 'Ida', 2, 0, 19, 62),
('6414143221', 'Marinalena', 2, 0, 19, 65),
('6414172385', 'Joubarde', 2, 0, 19, 62),
('6414172978', 'Irta', 2, 0, 19, 74),
('6414204697', 'Joia', 2, 0, 19, 73),
('6414204700', 'Joquetot', 1, 0, 19, 85),
('6414204701', 'Joeneta', 2, 0, 19, 81),
('6414204703', 'Jaubela', 2, 0, 19, 82),
('6414204705', 'Luminosa', 2, 0, 19, 82),
('6414204710', 'Lusqueta', 2, 0, 19, 82),
('6414204711', 'Lutaira', 2, 0, 19, 81),
('6414204714', 'Lua', 2, 0, 19, 82),
('6414209772', 'Ihoulh', 2, 0, 19, 64),
('6414212262', 'Ossaloise', 2, 0, 19, 109),
('6414256479', 'Jirouette', 2, 0, 19, 78),
('6414265902', 'Jabe', 2, 0, 19, 74),
('6414265903', 'Jurée', 2, 0, 19, 74),
('6414274244', 'Jilou', 2, 0, 19, 64),
('6414274245', 'Jaubisque', 2, 0, 19, 64),
('6414279425', '6414279425', 2, 0, 19, 75),
('6414287724', 'Léa', 2, 0, 19, 89),
('6414289900', 'Ludjaia', 2, 0, 19, 82),
('6414289902', 'Layeta', 2, 0, 19, 82),
('6414294703', 'Julia', 2, 0, 19, 71),
('6414300562', 'Nubleta', 2, 0, 5, 32),
('6414301747', 'Laouline', 2, 0, 19, 80),
('6414320947', 'Lolita', 2, 0, 19, 130),
('6414323829', 'Croisée', 2, 0, 19, 75),
('6414333004', 'Merise', 2, 0, 19, 85),
('6414341576', 'Luzein', 1, 0, 19, 74),
('6414343377', 'Melica', 2, 0, 19, 123),
('6414355232', 'Lossaloise', 2, 0, 19, 89),
('6414355238', 'Leouyere', 2, 0, 19, 89),
('6414367549', 'Labe', 2, 0, 19, 74),
('6414369373', 'Lutz', 2, 0, 19, 81),
('6414369375', 'Montanhola', 2, 0, 19, 79),
('6414369378', 'Malinota', 2, 0, 19, 81),
('6414369380', 'Moundhela', 2, 0, 19, 81),
('6414369381', 'Murgueta', 2, 0, 19, 81),
('6414376346', 'Montagne', 2, 0, 19, 6),
('6414383113', 'Mignoune', 2, 0, 19, 82),
('6414403491', 'Beroye', 2, 0, 19, 101),
('6414403493', 'Esberude', 2, 0, 19, 101),
('6414403495', 'Estelou', 2, 0, 19, 101),
('6414407702', 'Maria', 2, 0, 19, 65),
('6414409211', 'Manie - Mama', 2, 0, 19, 88),
('6414409212', 'Mina - Patxa', 2, 0, 19, 88),
('6414410988', 'Madelon', 2, 0, 19, 71),
('6414430252', 'Moune', 2, 0, 19, 78),
('6414432803', '6414432803', 2, 0, 19, 64),
('6414442760', 'Murette', 2, 0, 19, 74),
('6414442761', 'Magda', 2, 0, 19, 74),
('6414447543', '6414447543', 2, 0, 19, 73),
('6414457026', 'Nina', 2, 0, 19, 109),
('6414459324', 'Nebade', 2, 0, 19, 105),
('6414481339', 'Bouyette', 2, 0, 19, 68),
('6414536215', 'Messe', 2, 0, 5, 6),
('6414536227', 'Marée', 2, 1, 5, 6),
('6414536232', 'Manata', 2, 1, 5, 6),
('6414536233', 'Mohair', 2, 1, 5, 6),
('6414536234', 'Missel', 2, 0, 5, 6),
('6414554071', 'Judith', 2, 0, 5, 3),
('6414554073', 'Kiwy', 2, 0, 5, 1),
('6414554074', 'Kiterie', 2, 0, 5, 1),
('6414554076', 'Lyli', 2, 0, 5, 1),
('6414554077', 'Martinet', 3, 0, 5, 1),
('6414554078', 'Moise', 3, 0, 5, 1),
('6414554079', 'Mouscato', 3, 0, 5, 1),
('6414554080', 'Matador', 3, 0, 5, 1),
('6414556661', 'Neschen', 2, 0, 19, 122),
('6414557925', 'Nabila', 2, 0, 5, 6),
('6414557934', 'Obenite', 2, 0, 5, 6),
('6414564356', 'Mignoune', 2, 0, 19, 87),
('6414574540', 'Leo', 1, 0, 5, 22),
('6414574543', 'Kaoline', 2, 0, 5, 6),
('6414574544', 'Kilt', 2, 0, 5, 6),
('6414586270', '6414586270', 2, 0, 19, 85),
('6414586273', '6414586273', 2, 0, 19, 85),
('6414586274', '6414586274', 2, 0, 19, 85),
('6414594695', 'Hypo', 2, 0, 19, 128),
('6414596070', 'Nina', 2, 0, 19, 100),
('6414626481', '6481', 2, 0, 19, 127),
('6414686219', 'Mirza', 2, 0, 5, 1),
('6414686220', 'NOISETTE', 2, 0, 5, 1),
('6414686221', 'Nikos', 1, 1, 5, 1),
('6414686222', 'Nans', 1, 0, 5, 13),
('6414686223', 'Noelie', 2, 0, 5, 1),
('6414686224', 'Noemie', 2, 0, 5, 1),
('6414686225', 'Noelia', 2, 0, 5, 1),
('6414686227', 'Odini', 1, 0, 5, 1),
('6414686627', 'Mabelle', 2, 0, 19, 62),
('6414688257', 'Osanna', 2, 0, 5, 461),
('6414718252', 'Opium', 1, 0, 5, 1),
('6414718254', 'Oxerine', 2, 0, 5, 1),
('6414718257', 'Oscar', 1, 0, 5, 1),
('6414718258', 'Oscarine', 2, 0, 5, 1),
('6414718259', 'Oceane', 2, 0, 5, 1),
('6414766746', 'Madelaine', 2, 0, 19, 92);

-- --------------------------------------------------------

--
-- Structure de la table `bovins_intermediaire`
--

DROP TABLE IF EXISTS `bovins_intermediaire`;
CREATE TABLE IF NOT EXISTS `bovins_intermediaire` (
  `id_bovin` varchar(40) NOT NULL,
  `nom_bovin` varchar(30) NOT NULL,
  `sexe` tinyint(4) NOT NULL,
  `mort` tinyint(1) NOT NULL,
  `id_race` tinyint(3) UNSIGNED NOT NULL,
  `id_eleveur` smallint(5) UNSIGNED NOT NULL,
  PRIMARY KEY (`id_bovin`)
) ENGINE=InnoDB DEFAULT CHARSET=utf8;

--
-- Déchargement des données de la table `bovins_intermediaire`
--

INSERT INTO `bovins_intermediaire` (`id_bovin`, `nom_bovin`, `sexe`, `mort`, `id_race`, `id_eleveur`) VALUES
('0911219764', 'Gaia 3', 2, 0, 5, 19),
('1744340287', 'Moufflette', 2, 0, 5, 34),
('1744340289', 'Marquise', 2, 0, 5, 34),
('1744340344', 'Noblesse', 2, 0, 5, 34),
('2405215105', 'Omer', 1, 0, 5, 458),
('2405220914', 'Orok', 1, 0, 5, 35),
('2405453095', 'Samoussa', 2, 0, 5, 35),
('2405453097', 'Mayo', 2, 0, 5, 35),
('2405487700', 'Marouchka', 2, 0, 5, 15),
('2405487701', 'Melopee', 2, 0, 5, 15),
('2405640313', 'Nefertiti', 2, 0, 5, 15),
('2405778785', 'Osiris', 2, 0, 5, 438),
('3212513733', 'Hippie', 2, 0, 5, 39),
('3213331515', 'Hesta', 2, 0, 19, 58),
('3214323496', 'Jonquille', 2, 0, 19, 73),
('3215114621', 'Nadia 2', 2, 0, 5, 39),
('3310006218', 'Tourterelle', 2, 0, 6, 51),
('3310052861', 'Ballus', 1, 0, 6, 48),
('33100545520', 'Karine', 2, 1, 5, 31),
('3310088030', 'Fragon', 1, 0, 6, 50),
('3310091322', 'Reinette', 2, 0, 19, 14),
('3310100051', 'Valentine', 2, 0, 6, 46),
('3310100393', 'Chataigne', 2, 0, 6, 53),
('3310105662', 'Lena', 2, 0, 5, 232),
('3310110504', 'Jupiter 2', 3, 0, 5, 459),
('3310174957', 'Lobélie', 2, 0, 6, 50),
('3310174959', 'Bécassine', 2, 0, 6, 51),
('3310195031', 'Monchinette', 2, 0, 6, 46),
('3310195032', 'Aigrette', 2, 0, 6, 53),
('3310195033', 'Epeire', 2, 0, 6, 45),
('3310231301', 'Amande', 2, 0, 5, 22),
('3310311204', 'Carline', 2, 0, 5, 22),
('3310313039', 'Nèfle', 2, 0, 6, 46),
('3310388795', 'Manon', 2, 0, 5, 24),
('3310394357', 'Coquin', 1, 1, 5, 441),
('3310394359', 'Diva', 2, 0, 6, 47),
('3310399681', 'Erica', 2, 0, 6, 53),
('3310399682', 'Gentiane', 2, 1, 6, 53),
('3310399686', 'Bourdaine', 2, 0, 6, 53),
('3310403826', 'Epilobe', 2, 0, 6, 44),
('3310404823', 'Clémence - Aspe', 2, 0, 19, 53),
('3310414449', 'Danette', 2, 0, 5, 22),
('3310419135', 'Sans nom 3', 1, 0, 5, 12),
('3310419137', 'Douine', 2, 0, 5, 12),
('3310424455', 'Elsa', 2, 0, 5, 20),
('3310424457', 'Excelle', 2, 1, 5, 38),
('3310424459', 'Festa', 2, 0, 5, 37),
('3310428933', 'Emeraude', 2, 0, 5, 24),
('3310428938', 'Elegante', 2, 0, 5, 20),
('3310429960', 'Tempête', 2, 0, 6, 46),
('3310429961', 'Fougère de Cousseau', 2, 0, 6, 44),
('3310429963', 'Eglantine', 2, 0, 6, 52),
('3310456310', 'Fulka', 2, 0, 5, 22),
('3310456311', 'Flora', 2, 0, 5, 38),
('3310456312', 'Galoe', 2, 0, 5, 22),
('3310456313', 'Gajoue', 2, 0, 5, 22),
('3310456315', 'Ginon', 2, 0, 5, 40),
('3310456316', 'Garone', 2, 0, 5, 37),
('3310456317', 'Galon', 1, 0, 5, 24),
('3310456318', 'Gargale', 2, 0, 5, 37),
('3310460813', 'Fidèle', 2, 1, 5, 24),
('3310460885', 'Melchior', 3, 0, 5, 7),
('3310460886', 'Ivresse', 2, 0, 5, 232),
('3310498577', 'Indienne', 2, 0, 5, 29),
('3310498578', 'Juvamine', 2, 0, 5, 35),
('3310499703', 'Giroflee', 2, 0, 5, 3),
('3310499704', 'Hortune', 2, 0, 5, 21),
('3310500517', 'Galaxie', 2, 0, 5, 22),
('3310500524', 'Surprise', 2, 0, 5, 20),
('3310501507', 'Harde - Bruyere', 2, 0, 19, 53),
('3310505723', 'Hector', 1, 1, 5, 3),
('3310505724', 'Heidi', 2, 0, 5, 28),
('3310507202', 'Vacca', 2, 0, 6, 45),
('3310507204', 'Pilulaire', 2, 0, 6, 52),
('3310507206', 'Bleue béatrice', 2, 0, 6, 45),
('3310507511', 'Joueuse', 2, 0, 5, 20),
('3310509704', 'Imagine', 2, 0, 5, 15),
('3310509705', 'Julian', 1, 0, 5, 9),
('3310509707', 'Jiorne', 2, 1, 5, 43),
('3310510831', 'Frelon', 1, 1, 6, 46),
('3310510832', 'Argyronète', 2, 0, 6, 44),
('3310510834', 'Bleu Pietro', 1, 0, 6, 53),
('3310510835', 'Rose Faskia', 2, 0, 6, 53),
('3310510836', 'Rose d Avril', 2, 0, 6, 53),
('3310510837', 'Spatule', 2, 0, 6, 53),
('3310510839', 'Christelle', 2, 0, 6, 53),
('3310511070', 'Julo (de Bred)', 1, 1, 6, 49),
('3310512657', 'Isis', 2, 0, 5, 21),
('3310512662', 'Iane', 2, 0, 5, 26),
('3310512670', 'Melusine', 2, 0, 5, 27),
('3310516326', 'Ischnura', 2, 0, 6, 50),
('3310516327', 'Inachis', 1, 0, 6, 48),
('3310516328', 'Jynx', 1, 0, 6, 53),
('3310516330', 'Jonquille', 2, 0, 6, 52),
('3310519151', 'Vulcain', 2, 0, 6, 53),
('3310519152', 'Jouee de Bred', 2, 0, 6, 51),
('3310523166', 'Genette', 2, 0, 6, 49),
('3310523168', 'Renard', 3, 0, 6, 49),
('3310523169', 'Belette', 2, 0, 6, 53),
('3310523170', 'Martre', 2, 0, 6, 53),
('3310523171', 'Fouine', 2, 0, 6, 44),
('3310523172', 'Molinette', 2, 0, 6, 53),
('3310523173', 'Tranquility', 2, 0, 6, 44),
('3310523174', 'Urbain', 1, 0, 6, 48),
('3310524611', 'Harpie', 2, 0, 19, 85),
('3310524616', 'Irenée', 2, 0, 19, 85),
('3310527808', 'Jolietaupe', 2, 0, 5, 31),
('3310527809', 'Jade', 2, 0, 5, 35),
('3310527811', 'Jasmine 2', 2, 0, 5, 31),
('3310530194', 'Jacinthe', 2, 0, 6, 51),
('3310530200', 'Loutre', 2, 1, 6, 46),
('3310530201', 'Linaire', 2, 0, 6, 53),
('3310532743', 'James rose', 1, 0, 6, 51),
('3310532744', 'Sarcelle II', 2, 0, 6, 53),
('3310532745', 'Sittelle', 2, 0, 6, 53),
('3310532748', 'Huppe', 2, 0, 6, 44),
('3310532900', 'GR50', 1, 0, 5, 11),
('3310533422', 'Kanaillout', 2, 0, 5, 21),
('3310533423', 'Kality', 2, 1, 5, 28),
('3310534406', 'Jachaire', 2, 0, 5, 458),
('3310534407', 'Licorne', 2, 0, 5, 7),
('3310534409', 'Lumiere', 2, 0, 5, 458),
('3310534410', 'Lisiaire', 2, 0, 5, 5),
('3310536010', 'Livenne', 2, 0, 5, 29),
('3310536011', 'Lord', 1, 0, 5, 29),
('3310536016', 'Libourne', 1, 0, 5, 43),
('3310536025', 'Lisle', 2, 0, 5, 29),
('3310536026', 'FR 3310536026', 1, 0, 5, 29),
('3310536027', 'Libourne', 2, 0, 5, 29),
('3310536030', '6030', 1, 0, 5, 29),
('3310537633', 'Lullaby', 2, 0, 6, 46),
('3310539185', 'Jesse', 2, 0, 5, 22),
('3310539187', 'Jyga', 2, 0, 5, 463),
('3310539188', 'Jacouly', 1, 0, 5, 38),
('3310539189', 'Josse', 2, 0, 5, 22),
('3310539190', 'Louane 2', 2, 1, 5, 22),
('3310539898', 'Bergeronnette', 2, 0, 6, 44),
('3310539899', 'Echasse', 2, 0, 6, 44),
('3310539902', 'Massette', 2, 0, 6, 52),
('3310539903', 'Tibellus', 2, 0, 6, 44),
('3310539904', 'Dolomedes', 2, 0, 6, 44),
('3310544805', 'Liesse', 2, 0, 5, 54),
('3310544806', 'Line', 2, 0, 5, 38),
('3310544807', 'Luchi', 1, 0, 5, 2),
('3310544808', 'Maroni', 3, 0, 5, 54),
('3310544809', 'Meknes', 3, 0, 5, 12),
('3310545515', 'Quinoa', 2, 0, 5, 31),
('3310545517', 'Linda', 2, 0, 5, 31),
('3310545518', 'Sans nom 8', 1, 0, 5, 31),
('3310545565', 'Litchi', 2, 0, 5, 169),
('3310546219', 'Petite Fleur', 2, 0, 6, 44),
('3310546221', 'Luciole', 2, 0, 6, 44),
('3310546222', 'Cetti', 2, 0, 6, 53),
('3310546224', 'Ecorce', 2, 0, 6, 46),
('3310546225', 'Mousse', 2, 0, 6, 44),
('3310546226', 'Lune', 2, 0, 6, 52),
('3310546228', 'Callitriche', 2, 0, 6, 52),
('3310546231', 'Calamite', 1, 0, 6, 49),
('3310546233', 'Julia Rose', 2, 0, 6, 44),
('3310546948', '6948', 2, 0, 5, 26),
('3310546950', '6950', 2, 0, 5, 26),
('3310547038', 'Moon', 2, 0, 6, 54),
('3310547387', 'Linotte', 2, 0, 6, 52),
('3310547388', 'Louve', 2, 0, 6, 53),
('3310547390', 'Mouette', 2, 0, 6, 53),
('3310547391', 'Mauve', 2, 0, 6, 53),
('3310547392', 'Mésange', 2, 0, 6, 52),
('3310547393', 'Musaraigne', 2, 0, 6, 46),
('3310547394', 'Mélitée', 2, 0, 6, 52),
('3310547395', 'Mulot', 1, 0, 6, 49),
('3310547396', 'Lamproie', 2, 0, 6, 46),
('3310549053', 'Luna', 2, 0, 5, 9),
('3310549535', 'Medoc', 2, 0, 5, 29),
('3310549537', 'Machupichu', 2, 0, 5, 29),
('3310549540', 'Mascaret', 2, 0, 5, 29),
('3310549546', '9546', 1, 0, 5, 29),
('3310549548', 'FR 3310549548', 1, 0, 5, 29),
('3310549554', 'Margaux', 2, 0, 5, 29),
('3310549608', 'Karamelle', 2, 1, 5, 28),
('3310549609', 'Kraquante', 2, 1, 5, 28),
('3310549610', 'Kermite', 2, 1, 5, 28),
('3310550266', 'Lovely', 2, 0, 5, 455),
('3310550271', 'Marguerite', 2, 0, 5, 20),
('3310550272', 'Moustik', 1, 0, 5, 23),
('3310550276', 'Masma', 2, 0, 5, 20),
('3310550277', 'Nesquick (Guenon)', 1, 1, 5, 20),
('3310550278', 'Nestle', 1, 1, 5, 20),
('3310550279', 'Nevada', 1, 1, 5, 20),
('3310550280', 'Nirvana', 1, 1, 5, 20),
('3310550629', 'Merlin', 3, 0, 5, 20),
('3310550704', 'Nuggets', 1, 1, 6, 53),
('3310551428', 'Mercure', 1, 0, 5, 54),
('3310551429', 'Minos', 3, 0, 5, 54),
('3310551490', 'Marouette', 2, 1, 6, 53),
('3310551491', 'Mendoza', 3, 0, 6, 51),
('3310551492', 'Martin', 3, 0, 6, 51),
('3310551493', 'Nenuphar', 1, 0, 6, 49),
('3310551670', 'Mess', 2, 0, 5, 465),
('3310551671', 'Moss', 2, 0, 5, 26),
('3310551675', 'Maline', 2, 0, 5, 26),
('3310551676', 'FR 3310551676', 1, 0, 5, 22),
('3310551677', 'FR 3310551677', 2, 0, 5, 22),
('3310551678', 'FR 3310551678', 2, 0, 5, 22),
('3310551679', 'Leeloo', 2, 0, 5, 28),
('3310551680', 'Lilas 2', 2, 1, 5, 28),
('3310551681', 'Lizeron', 2, 0, 5, 28),
('3310551683', 'Lenine', 1, 0, 5, 28),
('3310551690', 'Mazarine', 2, 0, 5, 457),
('3310551691', 'Mystere', 1, 1, 5, 5),
('3310551693', 'Mangue', 2, 1, 5, 5),
('3310551694', 'Moutchie', 2, 0, 5, 438),
('3310551695', 'Nolan', 1, 1, 5, 54),
('3310551696', 'Neptune', 1, 0, 5, 54),
('3310551697', 'Nynthe', 2, 0, 5, 2),
('3310551703', 'Marvin', 3, 0, 5, 54),
('3310551704', 'Malouine', 1, 0, 5, 60),
('3310551705', 'Niocchi', 1, 1, 5, 12),
('3310552318', 'Mimosa', 2, 0, 5, 38),
('3310552319', 'Marguerite', 2, 0, 5, 38),
('3310553906', 'Muscadelle', 2, 0, 6, 52),
('3310553907', 'Vigne', 2, 0, 6, 45),
('3310553908', 'Royale', 2, 0, 6, 44),
('3310553912', 'Loutre de Cousseau', 2, 0, 6, 52),
('3310553914', 'Ronce', 2, 0, 6, 46),
('3310553915', 'Hottonie', 2, 1, 6, 52),
('3310553916', 'Mygale', 2, 0, 6, 45),
('3310553917', 'Diégo', 1, 1, 6, 45),
('3310556243', 'Julie', 2, 0, 5, 31),
('3310556244', 'Nante', 2, 0, 5, 31),
('3310556245', 'Nemie', 2, 0, 5, 31),
('3310556247', 'Nageuse', 2, 0, 5, 31),
('3310556249', 'FR 3310556249', 1, 0, 5, 31),
('3310556871', 'Noblesse', 2, 0, 5, 54),
('3310556873', 'Oin', 1, 0, 5, 12),
('3310557980', 'Sans nom 7', 2, 0, 5, 26),
('3310560239', 'Marguerite 4', 2, 0, 5, 8),
('3310560240', 'Mirabelle 2', 2, 0, 5, 8),
('3310560241', 'Nerine', 2, 0, 5, 232),
('3310560242', 'Negrette', 2, 0, 5, 232),
('3310560243', 'Narcisse', 1, 0, 5, 232),
('3310560259', 'Mousseline', 2, 0, 5, 17),
('3310560838', 'Nectar', 3, 0, 6, 50),
('3310560839', 'Noisette', 2, 0, 6, 25),
('3310560840', 'Nuage', 1, 0, 6, 51),
('3310560841', 'Nardus', 1, 1, 6, 51),
('3310561381', 'FR 3310561381', 2, 1, 5, 11),
('3310561659', 'Nymphéa', 2, 1, 6, 52),
('3310561660', 'Nénuphar', 1, 1, 6, 46),
('3310561661', 'Noctule', 2, 0, 6, 52),
('3310561662', 'Nèpe', 2, 0, 6, 46),
('3310561663', 'Natrix', 1, 1, 6, 46),
('3310561664', 'Orme', 1, 1, 6, 46),
('3310561665', 'Osier', 1, 1, 6, 46),
('3310561666', 'Orthetrum', 1, 0, 6, 46),
('3310561667', 'Orvet', 1, 0, 6, 46),
('3310562837', 'Ynola', 2, 1, 5, 24),
('3310562952', 'Niagara', 2, 0, 5, 42),
('3310564296', 'Nitraire', 1, 1, 5, 169),
('3310564297', 'Naire', 1, 0, 5, 169),
('3310564298', 'Oshi', 2, 0, 5, 169),
('3310564443', 'Narcisse', 1, 1, 6, 50),
('3310564444', 'Neflier', 3, 0, 6, 51),
('3310564445', 'Oyat', 1, 0, 6, 50),
('3310565512', 'Niaouli', 2, 0, 5, 38),
('3310565513', 'Noisette', 2, 0, 5, 38),
('3310565623', 'Osborne', 1, 0, 5, 7),
('3310565624', 'Nabucho', 2, 0, 5, 7),
('3310567249', 'Liseron', 2, 0, 6, 52),
('3310567250', 'Grémillon', 1, 1, 6, 52),
('3310567597', 'FR 3310567597', 2, 0, 5, 24),
('3310567616', 'Nokia', 2, 0, 5, 22),
('3310567622', 'Ocean', 1, 0, 6, 51),
('3310567624', 'Ourson', 1, 0, 6, 51),
('3310568522', 'Nohee', 2, 0, 5, 33),
('3310569049', 'Nashi', 3, 0, 5, 25),
('3310569091', 'Mirza', 2, 0, 5, 28),
('3310569094', 'Mister', 1, 0, 5, 28),
('3310569098', 'Nestor', 1, 0, 5, 28),
('3310569100', 'Moirode', 2, 0, 5, 28),
('3310569590', 'Orchis', 2, 0, 5, 54),
('3310569591', 'Ombellifere', 2, 0, 5, 169),
('3310569592', 'Odite', 1, 0, 5, 54),
('3310569593', 'Onesse', 2, 0, 5, 54),
('3310570645', 'Noeline', 2, 0, 5, 17),
('3310570666', '0666', 1, 0, 5, 26),
('3310574307', 'Aeschne', 2, 0, 6, 45),
('3310574308', 'Demoiselle', 2, 0, 6, 45),
('3310574309', 'Cordulie', 2, 0, 6, 45),
('3310574310', 'Naiade', 2, 0, 6, 45),
('3310574311', 'Anax', 1, 0, 6, 45),
('3310574312', 'Tanche', 2, 0, 6, 45),
('3310574313', 'Agrillon', 1, 0, 6, 45),
('3310574314', 'Ablette', 2, 0, 6, 45),
('3310574315', 'Zygo', 1, 0, 6, 45),
('3310574316', 'Leste', 1, 0, 6, 45),
('3310574387', 'Onande', 2, 0, 5, 31),
('3310574388', '4388', 1, 0, 5, 31),
('3310574391', 'Opaque', 2, 0, 5, 31),
('3310574392', '4392', 1, 0, 5, 31),
('3310574393', 'Oceane', 2, 0, 5, 31),
('3310575081', 'Nina', 2, 0, 5, 28),
('3310576466', 'Oenothere', 1, 0, 5, 169),
('3310577691', 'Othello', 1, 0, 5, 42),
('3310577975', 'Obsidienne', 2, 0, 6, 51),
('3310577976', 'Oggy', 1, 0, 6, 51),
('3320493134', 'Estuaire', 2, 0, 5, 460),
('3320513233', 'Garonne', 2, 0, 5, 29),
('3320513246', 'Gironde', 2, 0, 5, 29),
('3320524292', 'Hourtin', 2, 0, 5, 29),
('3320525171', 'Helios', 1, 0, 5, 4),
('3320530427', 'FR 3320530427', 1, 0, 5, 29),
('3320530430', 'Iondalar', 1, 1, 5, 29),
('3320531571', 'Johee', 2, 0, 5, 33),
('3320537232', 'Jalle', 2, 0, 5, 29),
('3320537235', 'Jig', 2, 0, 5, 29),
('3320537236', 'Junon', 2, 0, 5, 29),
('3320537241', 'Jarilo', 2, 0, 5, 29),
('3320537242', 'Joconde', 2, 0, 5, 35),
('3320537243', 'Jaguar', 2, 1, 5, 29),
('3320537248', 'Jarouille', 2, 0, 5, 29),
('3320537255', 'Jourdenne', 2, 0, 5, 29),
('3320537256', 'Jamaique', 2, 0, 5, 29),
('3320553186', 'Marquisett', 2, 0, 5, 2),
('3320561000', 'Marée 2', 2, 0, 5, 29),
('3320561003', 'Macau', 2, 0, 5, 29),
('3320561009', 'Tite 2017', 1, 1, 5, 29),
('3320561011', 'Flageat 2017', 1, 1, 5, 29),
('3320561019', 'FR 3320561019', 2, 1, 5, 29),
('3320561022', 'Naiade', 2, 0, 5, 29),
('3320561030', 'FR 3320561030', 1, 1, 5, 29),
('3320561033', 'Noblecoeur', 1, 1, 5, 29),
('3320561036', 'FR 3320561036', 2, 1, 5, 29),
('3320561037', 'FR 3320561037', 2, 0, 5, 29),
('3320569290', 'Nesquimau', 1, 1, 5, 2),
('3320571045', 'Nonette', 2, 0, 5, 2),
('3320575410', 'FR 3320575410', 1, 0, 5, 29),
('3320575411', 'FR 3320575411', 1, 0, 5, 29),
('3320575415', 'Opera', 2, 0, 5, 29),
('3320575426', '5426', 1, 0, 5, 29),
('3320576979', 'Origan', 1, 0, 5, 2),
('3330161710', 'Ciorne', 2, 0, 5, 7),
('3330161752', 'Deesse', 2, 0, 5, 12),
('3330189295', 'Borde', 2, 0, 5, 21),
('3330189330', 'Hermynie', 2, 0, 5, 21),
('3330189355', 'Mère Liane', 2, 0, 5, 21),
('3330198649', 'Muscari', 1, 0, 5, 29),
('3330207206', 'Janv', 1, 0, 5, 21),
('3330207207', '7207', 1, 0, 5, 21),
('3330207208', 'Louane', 2, 0, 5, 12),
('3330207209', 'Liane', 2, 0, 5, 13),
('3330209787', 'Jeunette', 2, 0, 5, 2),
('3330212718', 'Leopard', 1, 1, 5, 12),
('3330212723', 'Lanterne', 2, 0, 5, 24),
('3330216076', 'La Borde', 2, 0, 5, 21),
('3330216077', 'Lalanne', 2, 0, 5, 54),
('3330216078', 'Lalim', 2, 0, 5, 21),
('3330216368', 'Libellule', 2, 0, 5, 43),
('3330217138', 'Liette', 2, 0, 5, 24),
('3330219060', 'Mistinguet', 2, 0, 5, 13),
('3330219061', 'Mirette', 2, 0, 5, 13),
('3330222781', 'Medule', 1, 0, 5, 13),
('3330222782', 'Medius', 1, 0, 5, 13),
('3330222804', 'Matrone', 2, 0, 5, 13),
('3330222806', 'Maori', 1, 1, 5, 13),
('3330223137', 'Odin', 1, 0, 5, 12),
('3330223138', 'Origami', 2, 0, 5, 12),
('3330223139', 'Oman', 1, 0, 5, 12),
('3330223377', 'Dorine', 2, 0, 5, 21),
('3330223378', 'Oeil Bleu', 2, 0, 5, 21),
('3330223380', 'Blanche', 2, 1, 5, 21),
('3330223385', 'Bord 2', 2, 0, 5, 21),
('3330228376', 'Nuisette', 2, 0, 5, 13),
('3330228380', 'Nostress', 1, 1, 5, 13),
('3330228389', 'Niet', 1, 1, 5, 13),
('3330228821', 'Napolitain', 3, 0, 5, 20),
('3330228822', 'Nougat', 1, 0, 5, 31),
('3330228823', 'Nebuleuse', 2, 0, 5, 20),
('3330228824', 'Neptune', 1, 0, 5, 20),
('3330228825', 'Nature', 2, 0, 5, 20),
('3330228826', 'Nounouille', 1, 1, 5, 20),
('3330228828', 'Nrs', 2, 0, 5, 20),
('3330228829', 'Obelix', 1, 0, 5, 20),
('3330228830', 'Oreo', 1, 0, 5, 20),
('3330228882', 'Nankin', 1, 0, 5, 54),
('3330228883', 'Nandini', 1, 1, 5, 12),
('3330229158', '20 avril', 2, 0, 5, 21),
('3330229166', 'Lalanne 2 2017', 1, 1, 5, 21),
('3330229168', 'Lalanne 3 2017', 1, 1, 5, 21),
('3330229171', 'Bord 9171', 2, 1, 5, 21),
('3330229173', 'Bordelaise', 2, 0, 5, 21),
('3330229175', 'Bordelaise', 2, 0, 5, 21),
('3330229176', 'Dorine', 2, 0, 5, 21),
('3330230452', 'Noctambule', 1, 1, 5, 13),
('3330230453', 'Nestor', 1, 1, 5, 13),
('3330230454', 'Nougatine', 2, 0, 5, 13),
('3330233838', 'Lalanne 3838', 2, 0, 5, 21),
('3330233840', 'Dorine 3840', 2, 0, 5, 21),
('3330233841', 'Dorine 3841', 2, 0, 5, 21),
('3330233845', 'Dorine 3845', 2, 0, 5, 21),
('3330233848', 'Dorine 3848', 2, 0, 5, 21),
('3330233852', 'Dorine 3852', 2, 0, 5, 21),
('3330233991', 'Osiris', 2, 0, 5, 20),
('3330233992', 'Ouragan', 1, 0, 5, 20),
('3330234160', 'Oedipe', 1, 0, 5, 13),
('3330234171', 'Orne', 2, 0, 5, 13),
('3330234173', 'Ondine', 2, 0, 5, 13),
('3330234176', 'Oligule', 2, 0, 5, 13),
('3340007811', 'Rosita', 2, 0, 6, 53),
('3340013015', 'Osmonde', 2, 0, 6, 52),
('3340013017', 'Carte géographique', 2, 0, 6, 53),
('3340013780', 'Diane', 2, 1, 5, 31),
('3340018075', 'Salicaire', 2, 0, 6, 45),
('3340018986', 'Guanaca', 2, 0, 6, 53),
('3340018987', 'Cettia', 2, 0, 6, 45),
('3340018988', 'Fulca', 2, 0, 6, 48),
('3340018989', 'Fauvette', 2, 0, 6, 44),
('3340018991', 'Flora', 2, 0, 6, 45),
('3340018992', 'Fougère de Bruges', 2, 0, 6, 53),
('3340018999', 'Juliette', 2, 0, 5, 21),
('3340021730', 'Edouard', 1, 1, 5, 12),
('3340021732', 'Ellebore', 2, 0, 5, 28),
('3340021745', 'Fitnes', 1, 0, 5, 20),
('3340021749', 'Galinette', 2, 0, 5, 27),
('3340021982', 'Fliscade', 2, 0, 19, 85),
('3340021988', 'Gentille', 2, 0, 19, 85),
('3340024040', 'Bécasse', 2, 0, 6, 45),
('3340024041', 'Libellule', 2, 0, 6, 45),
('3340024042', 'Lise Rose', 2, 0, 6, 44),
('3340024044', 'Cistude', 2, 0, 6, 49),
('3340024045', 'Grue', 2, 0, 6, 44),
('3340024046', 'Roselyne', 2, 0, 6, 44),
('3340024047', 'Rose-Marie', 2, 0, 6, 53),
('3340024048', 'Hirondelle de Cousseau', 2, 0, 6, 25),
('3340024645', 'Ficaire', 2, 0, 5, 169),
('3340024646', 'Frenette', 2, 1, 5, 13),
('3340024647', 'Fillette', 2, 0, 5, 13),
('3340024656', 'Gamine', 2, 0, 5, 20),
('3340024658', 'Irvin', 1, 0, 5, 458),
('3340024659', 'Iphigenie', 2, 0, 5, 9),
('3340024660', 'Inesse', 2, 0, 5, 29),
('3340024661', 'Irchie', 2, 1, 5, 12),
('3340024662', 'Ialine', 2, 0, 5, 232),
('3340024663', 'Jasmine', 2, 0, 5, 15),
('3340025631', 'Garzette', 2, 0, 6, 45),
('3340025633', 'Gesse', 2, 0, 6, 50),
('3340025638', 'Ibis', 1, 0, 6, 53),
('3340025639', 'Iris', 2, 0, 6, 53),
('3340026030', 'Galiurn', 2, 0, 5, 460),
('3340026033', 'Hulule', 2, 0, 5, 13),
('3340026034', 'Hermine', 2, 0, 5, 13),
('3340026500', 'Jonquille', 2, 0, 5, 20),
('3340026501', 'Gaia 2', 2, 0, 5, 20),
('3340026502', 'Jarl', 3, 0, 5, 20),
('3340026503', 'Jadis', 2, 0, 5, 20),
('3340026505', 'Lagertha', 2, 0, 5, 20),
('3340026506', 'Lekinder', 1, 1, 5, 20),
('3340026507', 'Lucile', 2, 0, 5, 20),
('3340027171', 'Justesse', 2, 0, 5, 42),
('3340027173', 'Louin', 3, 0, 5, 12),
('3340027174', 'Luchini', 3, 0, 5, 20),
('4004202415', 'Djinn', 2, 0, 19, 14),
('4004202421', '4004202421', 2, 0, 19, 14),
('4004294145', 'Latapy', 2, 0, 6, 51),
('4004294147', 'Dou Termy', 3, 0, 6, 53),
('4004294148', 'Hauchon', 3, 0, 6, 53),
('4004294149', 'Gentiane 2', 2, 1, 6, 53),
('4004319314', 'Joli cœur', 2, 0, 5, 37),
('4004319316', 'Jupiter 4', 1, 0, 5, 37),
('4004334487', 'Chloe', 2, 0, 6, 53),
('4004334488', 'Ossifrage', 2, 0, 6, 53),
('4004334489', 'Bernin', 3, 0, 6, 53),
('4004334905', 'Estrigon', 3, 0, 6, 53),
('4004334906', 'Vignacq', 3, 0, 6, 53),
('4004334907', 'Anguille', 2, 0, 6, 50),
('4004334908', 'Los', 1, 0, 6, 53),
('4004334909', 'Palombe', 2, 0, 6, 52),
('4004366172', 'Drosera', 2, 0, 6, 53),
('4004366173', 'Bise', 2, 0, 6, 53),
('4004366174', 'Epervier', 3, 0, 6, 51),
('4004366175', 'Dune', 2, 0, 6, 53),
('4004366176', 'Sable', 1, 0, 6, 46),
('4004379514', 'Forges', 2, 0, 6, 53),
('4004379515', 'Trèfle d eau', 1, 0, 6, 53),
('4004379516', 'Phragmite', 2, 0, 6, 53),
('4004379517', 'Fadet', 3, 0, 6, 53),
('4004379518', 'Hélène', 2, 0, 6, 51),
('4004379519', 'Ménélas', 3, 0, 6, 53),
('4004379520', 'Moïsan', 1, 1, 6, 53),
('4004379521', 'Escource', 1, 0, 6, 53),
('4004379522', 'Tourbe', 2, 0, 6, 53),
('4004379523', 'Flèche', 2, 0, 6, 51),
('4004380841', 'Koquette', 2, 0, 5, 37),
('4004380842', 'Melissa', 2, 0, 5, 37),
('4004380843', 'Mascarade', 2, 0, 5, 37),
('4004385716', 'Lisette', 2, 0, 5, 10),
('4004392047', 'Silice', 2, 0, 19, 53),
('4004392048', 'Bruyere', 2, 0, 19, 53),
('4004402282', 'Mohawk', 3, 0, 6, 51),
('4004402283', 'FDC 2016 C', 3, 0, 6, 53),
('4004402284', 'Mohican', 3, 0, 6, 51),
('4004402285', 'FDC 2016 D', 3, 0, 6, 53),
('4004402286', 'FDC 2016 F', 3, 0, 6, 53),
('4004402287', 'Natacha', 2, 0, 6, 53),
('4004402288', 'FDC 2016 G', 3, 0, 6, 53),
('4004402289', 'FDC 2016 A', 3, 0, 6, 53),
('4004402290', 'Rousserole', 2, 0, 6, 53),
('4004402291', 'FDC 2016 B', 3, 0, 6, 53),
('4004406218', 'Marquise 2', 2, 0, 5, 169),
('4004406221', 'FR 4004406221', 2, 0, 5, 37),
('4004413468', 'FDC 2016 E', 3, 0, 6, 53),
('4004413469', 'FDC 2017 1', 1, 0, 6, 53),
('4004413470', 'FDC 2017 2', 1, 0, 6, 53),
('4004413471', 'Vigne 2', 2, 0, 6, 53),
('4004413472', 'FDC 2017 3', 1, 1, 6, 53),
('4004417318', 'FDC 2017 4', 1, 0, 6, 53),
('4004417319', 'Crevette', 2, 0, 6, 53),
('4004417321', 'Pinede', 2, 0, 6, 53),
('4004417322', 'Aureilhan', 1, 0, 6, 53),
('4004417323', 'Gaouchey', 1, 0, 6, 53),
('4004417324', 'PIbale', 2, 0, 6, 53),
('4004417325', 'Laouadie', 2, 0, 6, 53),
('4004417326', 'Navarosse', 1, 0, 6, 53),
('4004417327', 'Argeleres', 2, 0, 6, 53),
('4004417586', 'FR 4004417586', 2, 0, 5, 37),
('4004417743', 'St Orens 2017', 1, 1, 5, 37),
('4004417745', 'FR 4004417745', 2, 0, 5, 37),
('4004417746', 'Nebuleuse', 2, 0, 5, 37),
('4004417747', 'Nimbus', 1, 0, 5, 37),
('4004426795', 'Neige', 2, 0, 5, 37),
('4004429620', 'Noelle', 2, 0, 5, 37),
('4004429621', 'Ondee', 2, 0, 5, 37),
('4004429626', '9626', 1, 0, 5, 37),
('4004431376', 'Ispe', 2, 0, 6, 53),
('4004431377', 'Born', 1, 0, 6, 53),
('4004431378', 'Montespade', 1, 0, 6, 53),
('4004431379', 'Aiguille', 2, 0, 6, 53),
('4004431380', 'Bruine', 2, 0, 6, 53),
('4004431381', 'Maguide', 2, 0, 6, 53),
('4004431382', 'Le Tuc', 1, 0, 6, 53),
('4004431383', 'Loustalot', 1, 0, 6, 53),
('4004431384', '1384', 1, 0, 6, 53),
('4004431385', 'Estantade', 2, 0, 6, 53),
('4004439611', 'Abeille', 2, 0, 6, 53),
('4004439612', 'Tuilerie', 2, 0, 6, 53),
('4004439613', 'Balidade', 2, 0, 6, 53),
('4004439614', 'Venus', 2, 0, 6, 53),
('4004439615', '9615', 1, 0, 6, 53),
('4004439616', '9616', 1, 0, 6, 53),
('4004439617', 'Canelle', 2, 0, 6, 53),
('4004439618', 'Vanille', 2, 0, 6, 53),
('4430081038', 'Ivanea', 2, 0, 5, 23),
('4430085978', 'Elvina', 2, 0, 5, 54),
('4430086098', 'Héléna', 2, 0, 19, 23),
('4490806168', 'Isa-Bella', 2, 0, 5, 464),
('4490806228', 'Laguna', 2, 0, 5, 23),
('4490806272', 'Mindiana', 2, 0, 5, 23),
('4490806274', 'Magniolia', 2, 0, 5, 23),
('4490806286', 'Miranda', 2, 0, 5, 23),
('4490806288', 'Melvina', 2, 0, 5, 23),
('4490806298', 'Marina', 2, 0, 5, 23),
('4490806348', 'Noa-bella', 2, 0, 5, 23),
('4490806391', 'Malaga', 1, 1, 5, 23),
('4490806418', 'Naoneda', 2, 0, 5, 23),
('4490806438', 'Olivanea', 2, 0, 5, 23),
('4632974022', 'Tirouette', 2, 0, 19, 78),
('4632974030', 'Amaguy', 2, 0, 19, 77),
('4632974032', 'Urtine', 2, 0, 19, 62),
('4632974039', 'Baguy', 2, 0, 19, 85),
('4724009514', 'Lascar', 1, 0, 5, 169),
('4724009515', 'Lalou', 2, 0, 5, 438),
('4728001397', 'Irlande', 2, 0, 5, 27),
('4729000084', 'Jahil', 2, 0, 5, 4),
('4729001491', 'Jango', 1, 0, 5, 31),
('4730001593', 'Luciole', 2, 0, 5, 3),
('4730001600', 'Linotte', 2, 0, 5, 3),
('4730001607', 'Melodie', 2, 0, 5, 3),
('4730007232', 'Marquis', 1, 0, 5, 40),
('4730007981', 'Mesange', 2, 0, 5, 3),
('4730010988', 'Boche 2017', 3, 0, 5, 4),
('4730015952', 'Mingue', 1, 0, 5, 3),
('4730015954', 'Noiraude', 2, 0, 5, 27),
('4730016091', 'Narnia', 2, 0, 5, 3),
('4730024301', 'Mars', 3, 0, 5, 4),
('4730026629', 'Nikita', 2, 0, 5, 35),
('4730026630', 'Neo', 1, 0, 5, 4),
('4730028010', 'Noisette', 2, 0, 5, 27),
('4730028011', 'Narco', 1, 0, 5, 54),
('4730028012', 'Nala', 2, 0, 5, 462),
('4730031272', 'Obrigado', 1, 0, 5, 40),
('4730033080', 'Nimba', 2, 0, 5, 3),
('4730038170', 'Ondine', 2, 0, 5, 460),
('4730038171', 'Odette', 2, 0, 5, 460),
('4730039523', 'Oceane', 2, 0, 5, 27),
('4730039524', 'Obelix', 1, 0, 5, 27),
('4730040212', 'O', 1, 0, 5, 3),
('4730040217', 'Obelix', 1, 0, 5, 3),
('4730040220', 'Occitan', 1, 0, 5, 3),
('4730040228', 'Olof', 1, 0, 5, 3),
('4730042800', 'Orlof', 1, 0, 5, 460),
('6404615847', 'Occitane', 2, 0, 19, 85),
('6411024760', 'Orionaa', 2, 0, 19, 81),
('6411121843', 'Ondine', 2, 0, 19, 82),
('6411179764', 'Mignounno', 2, 0, 19, 78),
('6411203434', '3434', 2, 0, 19, 119),
('6411250965', 'Soumette', 2, 0, 19, 81),
('6411250966', 'Saoubiste', 2, 0, 19, 81),
('6411250971', 'Sourdaa', 2, 0, 19, 81),
('6411250978', 'Tortora', 2, 0, 19, 81),
('6411312409', 'Tempête', 2, 0, 19, 69),
('6411350558', 'Houchette', 2, 0, 19, 66),
('6411381649', 'Tourziotte', 2, 0, 19, 81),
('6411381651', 'Trangada', 2, 0, 19, 81),
('6411381654', 'Marie', 2, 0, 19, 78),
('6411459213', 'Burgala', 2, 1, 5, 36),
('6411498623', 'Valentine', 2, 0, 19, 78),
('6411532021', 'Barouse', 2, 0, 19, 75),
('6411544744', 'Valérie', 2, 0, 19, 85),
('6411553859', 'Goutet - Luzia', 2, 0, 19, 88),
('6411554668', 'Valide', 2, 0, 19, 85),
('6411554676', 'Abasque', 2, 0, 19, 70),
('6411601612', 'Volige', 2, 0, 19, 89),
('6411601616', 'Vachette', 2, 0, 19, 85),
('6411628629', 'Anisette', 2, 0, 19, 82),
('6411648405', 'Bladette', 2, 0, 19, 82),
('6411684558', 'Palette', 2, 0, 19, 72),
('6411691618', 'Alouette', 2, 0, 19, 129),
('6411713110', '3110', 2, 0, 19, 85),
('6411716022', 'Couloume', 2, 0, 19, 82),
('6411763717', 'Cornaluda', 2, 0, 19, 82),
('6411768161', 'Ictoire', 2, 0, 19, 85),
('6411802917', 'Palette', 2, 0, 19, 78),
('6411817452', 'Bibane', 2, 0, 5, 4),
('6411866604', 'Dulcania', 2, 1, 5, 36),
('6411873308', 'BPN', 2, 0, 5, 32),
('6411886496', 'Carlita', 2, 0, 19, 131),
('6412021147', 'Houche', 2, 0, 19, 64),
('6412028416', 'Crimalh', 2, 0, 19, 82),
('6412057839', 'Docina', 2, 0, 19, 81),
('6412057841', 'Dgenola', 2, 0, 19, 81),
('6412078195', 'Carmelite', 2, 0, 5, 6),
('6412091039', 'Parouquett', 2, 0, 19, 75),
('6412118701', 'Fenoulhet', 2, 0, 19, 85),
('6412158572', 'Delisa', 2, 0, 19, 71),
('6412180729', 'Estella', 2, 0, 19, 81),
('6412180733', 'Florina', 2, 0, 19, 81),
('6412180736', 'Friponeta', 2, 0, 19, 81),
('6412184918', 'Eleis', 2, 0, 19, 75),
('6412211156', 'Eglantine 1', 2, 1, 5, 1),
('6412211159', 'Estelle', 2, 0, 5, 39),
('6412230743', 'Eysine', 2, 0, 5, 29),
('6412259719', 'Vola-Maria', 2, 0, 5, 32),
('6412259724', 'Capucine', 2, 0, 5, 32),
('6412271380', 'Ecoute - Kattalin', 2, 0, 19, 88),
('6412293162', 'Fayous', 2, 0, 19, 67),
('6412802785', 'Eve', 2, 0, 19, 129),
('6412803610', 'Farou', 2, 0, 5, 20),
('6412803612', 'Fabiola', 2, 0, 5, 20),
('6412825529', 'Frasque', 2, 0, 19, 70),
('6412845376', 'Foudre', 2, 0, 19, 69),
('6412874324', 'Frinestou', 2, 0, 19, 84),
('6412886281', '6412886281', 1, 0, 19, 85),
('6412891148', 'Gueolaille', 2, 0, 5, 6),
('6412891150', 'Girondine', 2, 0, 5, 6),
('6412936503', 'Genie', 2, 0, 5, 34),
('6412936506', 'Geraldine', 2, 0, 5, 34),
('6412949945', 'Floreta', 2, 0, 19, 82),
('6412951173', 'Furette', 2, 0, 19, 74),
('6413023864', 'Idole', 2, 0, 5, 1),
('6413023868', 'Julie', 2, 0, 5, 1),
('6413023870', 'Justine', 2, 0, 5, 1),
('6413033696', 'Illac', 2, 0, 5, 6),
('6413082905', 'Houche', 2, 0, 19, 16),
('6413161370', 'Grenadine', 2, 0, 5, 10),
('6413161373', 'Hilda', 2, 0, 5, 1),
('6413161374', 'Hirondelle', 2, 0, 5, 82),
('6413161375', 'Hermine 2', 2, 0, 5, 1),
('6413161376', 'Hamanda', 2, 0, 5, 1),
('6413233646', 'Laura', 2, 0, 19, 62),
('6413233647', 'Maia', 2, 0, 19, 62),
('6413233652', 'Marguerite', 2, 0, 19, 62),
('6413383703', 'Ichère', 2, 0, 19, 62),
('6413383704', 'Arougette', 2, 0, 19, 127),
('6413383707', 'Justine', 2, 0, 19, 89),
('6413617272', 'Delphine', 2, 0, 19, 63),
('6413617275', 'Dany', 2, 0, 19, 76),
('6414033110', 'Fiona', 2, 0, 19, 71),
('6414035105', 'Gaujosa', 2, 0, 19, 81),
('6414035116', 'Immortela', 2, 0, 19, 81),
('6414046522', 'Gabarre', 2, 0, 19, 83),
('6414046545', 'Hade', 2, 0, 19, 64),
('6414053444', 'Houndorbe', 1, 0, 19, 85),
('6414060324', 'Beroja', 2, 0, 19, 65),
('6414070770', 'Hadet', 2, 0, 19, 82),
('6414074653', 'Gabe', 2, 0, 19, 74),
('6414081063', 'Houline', 2, 0, 19, 89),
('6414082756', 'Hedda', 2, 0, 19, 62),
('6414085851', 'Jambete', 2, 0, 19, 86),
('6414088741', 'Helianteme', 2, 0, 5, 32),
('6414099754', 'Jekaterina - Joyeuse', 2, 0, 19, 128),
('6414104769', '6414104769', 2, 0, 19, 75),
('6414119524', 'Simmental', 2, 0, 19, 85),
('6414119528', 'Jolie', 2, 0, 19, 85),
('6414119529', 'Jougadou', 1, 0, 19, 12),
('6414134869', 'Amapola', 2, 0, 19, 69),
('6414134870', 'Ela', 2, 0, 19, 69),
('6414134871', 'Chouia', 2, 0, 19, 69),
('6414141754', 'Iris', 2, 0, 19, 71),
('6414143126', 'Ida', 2, 0, 19, 62),
('6414143221', 'Marinalena', 2, 0, 19, 65),
('6414172385', 'Joubarde', 2, 0, 19, 62),
('6414172978', 'Irta', 2, 0, 19, 74),
('6414204697', 'Joia', 2, 0, 19, 73),
('6414204700', 'Joquetot', 1, 0, 19, 85),
('6414204701', 'Joeneta', 2, 0, 19, 81),
('6414204703', 'Jaubela', 2, 0, 19, 82),
('6414204705', 'Luminosa', 2, 0, 19, 82),
('6414204710', 'Lusqueta', 2, 0, 19, 82),
('6414204711', 'Lutaira', 2, 0, 19, 81),
('6414204714', 'Lua', 2, 0, 19, 82),
('6414209772', 'Ihoulh', 2, 0, 19, 64),
('6414212262', 'Ossaloise', 2, 0, 19, 109),
('6414256479', 'Jirouette', 2, 0, 19, 78),
('6414265902', 'Jabe', 2, 0, 19, 74),
('6414265903', 'Jurée', 2, 0, 19, 74),
('6414274244', 'Jilou', 2, 0, 19, 64),
('6414274245', 'Jaubisque', 2, 0, 19, 64),
('6414279425', '6414279425', 2, 0, 19, 75),
('6414287724', 'Léa', 2, 0, 19, 89),
('6414289900', 'Ludjaia', 2, 0, 19, 82),
('6414289902', 'Layeta', 2, 0, 19, 82),
('6414294703', 'Julia', 2, 0, 19, 71),
('6414300562', 'Nubleta', 2, 0, 5, 32),
('6414301747', 'Laouline', 2, 0, 19, 80),
('6414320947', 'Lolita', 2, 0, 19, 130),
('6414323829', 'Croisée', 2, 0, 19, 75),
('6414333004', 'Merise', 2, 0, 19, 85),
('6414341576', 'Luzein', 1, 0, 19, 74),
('6414343377', 'Melica', 2, 0, 19, 123),
('6414355232', 'Lossaloise', 2, 0, 19, 89),
('6414355238', 'Leouyere', 2, 0, 19, 89),
('6414367549', 'Labe', 2, 0, 19, 74),
('6414369373', 'Lutz', 2, 0, 19, 81),
('6414369375', 'Montanhola', 2, 0, 19, 79),
('6414369378', 'Malinota', 2, 0, 19, 81),
('6414369380', 'Moundhela', 2, 0, 19, 81),
('6414369381', 'Murgueta', 2, 0, 19, 81),
('6414376346', 'Montagne', 2, 0, 19, 6),
('6414383113', 'Mignoune', 2, 0, 19, 82),
('6414403491', 'Beroye', 2, 0, 19, 101),
('6414403493', 'Esberude', 2, 0, 19, 101),
('6414403495', 'Estelou', 2, 0, 19, 101),
('6414407702', 'Maria', 2, 0, 19, 65),
('6414409211', 'Manie - Mama', 2, 0, 19, 88),
('6414409212', 'Mina - Patxa', 2, 0, 19, 88),
('6414410988', 'Madelon', 2, 0, 19, 71),
('6414430252', 'Moune', 2, 0, 19, 78),
('6414432803', '6414432803', 2, 0, 19, 64),
('6414442760', 'Murette', 2, 0, 19, 74),
('6414442761', 'Magda', 2, 0, 19, 74),
('6414447543', '6414447543', 2, 0, 19, 73),
('6414457026', 'Nina', 2, 0, 19, 109),
('6414459324', 'Nebade', 2, 0, 19, 105),
('6414481339', 'Bouyette', 2, 0, 19, 68),
('6414536215', 'Messe', 2, 0, 5, 6),
('6414536227', 'Marée', 2, 1, 5, 6),
('6414536232', 'Manata', 2, 1, 5, 6),
('6414536233', 'Mohair', 2, 1, 5, 6),
('6414536234', 'Missel', 2, 0, 5, 6),
('6414554071', 'Judith', 2, 0, 5, 3),
('6414554073', 'Kiwy', 2, 0, 5, 1),
('6414554074', 'Kiterie', 2, 0, 5, 1),
('6414554076', 'Lyli', 2, 0, 5, 1),
('6414554077', 'Martinet', 3, 0, 5, 1),
('6414554078', 'Moise', 3, 0, 5, 1),
('6414554079', 'Mouscato', 3, 0, 5, 1),
('6414554080', 'Matador', 3, 0, 5, 1),
('6414556661', 'Neschen', 2, 0, 19, 122),
('6414557925', 'Nabila', 2, 0, 5, 6),
('6414557934', 'Obenite', 2, 0, 5, 6),
('6414564356', 'Mignoune', 2, 0, 19, 87),
('6414574540', 'Leo', 1, 0, 5, 22),
('6414574543', 'Kaoline', 2, 0, 5, 6),
('6414574544', 'Kilt', 2, 0, 5, 6),
('6414586270', '6414586270', 2, 0, 19, 85),
('6414586273', '6414586273', 2, 0, 19, 85),
('6414586274', '6414586274', 2, 0, 19, 85),
('6414594695', 'Hypo', 2, 0, 19, 128),
('6414596070', 'Nina', 2, 0, 19, 100),
('6414626481', '6481', 2, 0, 19, 127),
('6414686219', 'Mirza', 2, 0, 5, 1),
('6414686220', 'NOISETTE', 2, 0, 5, 1),
('6414686221', 'Nikos', 1, 1, 5, 1),
('6414686222', 'Nans', 1, 0, 5, 13),
('6414686223', 'Noelie', 2, 0, 5, 1),
('6414686224', 'Noemie', 2, 0, 5, 1),
('6414686225', 'Noelia', 2, 0, 5, 1),
('6414686227', 'Odini', 1, 0, 5, 1),
('6414686627', 'Mabelle', 2, 0, 19, 62),
('6414688257', 'Osanna', 2, 0, 5, 461),
('6414718252', 'Opium', 1, 0, 5, 1),
('6414718254', 'Oxerine', 2, 0, 5, 1),
('6414718257', 'Oscar', 1, 0, 5, 1),
('6414718258', 'Oscarine', 2, 0, 5, 1),
('6414718259', 'Oceane', 2, 0, 5, 1),
('6414766746', 'Madelaine', 2, 0, 19, 92);

-- --------------------------------------------------------

--
-- Structure de la table `coefficients`
--

DROP TABLE IF EXISTS `coefficients`;
CREATE TABLE IF NOT EXISTS `coefficients` (
  `id_coeff` int(11) NOT NULL,
  `valeur_coeff` int(11) NOT NULL,
  `id_vache` varchar(40) NOT NULL,
  `id_taureau` varchar(40) NOT NULL,
  PRIMARY KEY (`id_coeff`),
  KEY `coefficients_ibfk_1` (`id_taureau`),
  KEY `coefficients_ibfk_2` (`id_vache`)
) ENGINE=InnoDB DEFAULT CHARSET=utf8;

-- --------------------------------------------------------

--
-- Structure de la table `coefficients_intermediaire`
--

DROP TABLE IF EXISTS `coefficients_intermediaire`;
CREATE TABLE IF NOT EXISTS `coefficients_intermediaire` (
  `id_coeff_int` smallint(6) NOT NULL AUTO_INCREMENT,
  `valeur_coeff` decimal(4,2) NOT NULL,
  `id_vache` smallint(6) NOT NULL,
  `id_taureau` smallint(6) NOT NULL,
  PRIMARY KEY (`id_coeff_int`)
) ENGINE=InnoDB AUTO_INCREMENT=3 DEFAULT CHARSET=utf8;

--
-- Déchargement des données de la table `coefficients_intermediaire`
--

INSERT INTO `coefficients_intermediaire` (`id_coeff_int`, `valeur_coeff`, `id_vache`, `id_taureau`) VALUES
(1, '0.05', 45, 443),
(2, '1.00', 456, 800);

-- --------------------------------------------------------

--
-- Structure de la table `eleveurs_intermediaire`
--

DROP TABLE IF EXISTS `eleveurs_intermediaire`;
CREATE TABLE IF NOT EXISTS `eleveurs_intermediaire` (
  `id_eleveur` int(10) UNSIGNED NOT NULL,
  `nom` varchar(50) DEFAULT NULL,
  `prenom` varchar(50) DEFAULT NULL,
  `email` varchar(80) DEFAULT NULL,
  PRIMARY KEY (`id_eleveur`)
) ENGINE=InnoDB DEFAULT CHARSET=utf8;

--
-- Déchargement des données de la table `eleveurs_intermediaire`
--

INSERT INTO `eleveurs_intermediaire` (`id_eleveur`, `nom`, `prenom`, `email`) VALUES
(1, 'XXX', 'AAA', 'xxx@gmail.com'),
(2, 'AUGEAU', 'Francis', ''),
(3, 'BIOLATO', 'Jean-Paul', ''),
(4, 'BOCHE', 'Philippe', ''),
(5, 'Prairies du Bois de Bordeaux', '', ''),
(6, 'CASTETBIEILH', 'Fabienne et Jacques', 'bibane64@wanadoo.fr'),
(7, 'FROSSARD', 'Jacques', 'jacques.frossard@gmail.com'),
(8, 'Château Palmer (NE PAS UTILISER)', '', ''),
(9, 'Château Pontet Canet', '', ''),
(10, 'COSTEDOAT', 'Marie', 'mariecostedoat40330@gmail.com'),
(11, 'DARROMAN', 'Rémy', ''),
(12, 'MARBAN', 'Joël', ''),
(13, 'DUBOIS', 'Jean-Denis', ''),
(14, 'DUTRUEL', 'Jacques', 'jacquesmanibe@fermegasconne.com'),
(15, 'EARL Des Broutissoux', '', ''),
(16, 'FERRAND EARL Lait P\'tits Béarnais', '', ''),
(17, 'BELIN', 'Céline (Ferme Mérignac)', 'ferme.decouverte@merignac.com'),
(18, 'GAEC Goyhexia', '', ''),
(19, 'GERNIEC', 'Agnès', ''),
(20, 'GUENON', 'Christophe', 'guenon.christophe33@gmail.com'),
(21, 'LALANNE', 'Boris', ''),
(22, 'LATASTE', 'Marie-France et Hugues', ''),
(23, 'LEROUX', 'Christophe', ''),
(24, 'LOVATO', 'Géraldine', ''),
(25, 'MAISON', 'de la Nature', 'maisondelanature@ville-gradignan.fr'),
(26, 'MAROT', 'Nadine', ''),
(27, 'MARTET', 'Damien', 'dmartet@groupama-ca.fr'),
(28, 'VAUGEOIS', 'Delphine', ''),
(29, 'TITE', 'Laurent', 'laurenttite@free.fr'),
(30, 'SCEA des Deux Pierre', '', ''),
(31, 'YASSAI', 'Yoann', ''),
(32, 'MASSEILLOU', 'Christian', ''),
(33, 'MAZIERE', 'Lisiane', ''),
(34, 'OUDIN', 'Patricia et Marc', 'oudin.marc@wanadoo.fr'),
(35, 'PERRIOL', 'Isabelle', ''),
(36, 'PORTE', 'Jean Bernard', ''),
(37, 'SAINT ORENS', 'Jean-François', ''),
(38, 'UBBEDA', 'Christophe', ''),
(39, 'VASSEUR', 'Jean-Luc', 'harasdebazille@aol.com'),
(40, 'VERGNE', 'Michel', ''),
(41, 'PREVOT', 'Daniel', ''),
(42, 'YOUX', 'Xavier', ''),
(43, 'SEUVE', 'Eric', ''),
(44, 'RESERVE', 'Cousseau', 'sepanso33@sepanso.fr'),
(45, 'MARAIS', 'Lafite', 'sepanso33@sepanso.org'),
(46, 'RESERVE', 'Bruges', 'sepanso33@sepanso.org'),
(47, 'DUBUC', 'Dominique', ''),
(48, 'VERDON', 'Serge', ''),
(49, 'CRA', 'Avensan', ''),
(50, 'CRA', 'Batejin', ''),
(51, 'CRA', 'Hourtin', ''),
(52, 'MARAIS', 'CISSAC', 'sepanso33@sepanso.org'),
(53, 'FDC', '40', 'contact@fdc40.fr'),
(54, 'PARC', 'Floral', ''),
(55, 'SAINTE', 'Hélène', ''),
(58, 'CHARRIE', 'Eric', ''),
(59, 'LE NOHAIC', 'Philippe', ''),
(60, 'NABOS', 'Pierre', 'pierre.nabos@hotmail.fr'),
(61, 'MASSOUBRE', 'Dominique', ''),
(62, 'AIME', 'Sylvain', ''),
(63, 'ARRIEULA', 'Jean-Bernard', ''),
(64, 'ARRIUBERGE', 'Jean-Pierre', ''),
(65, 'BLANCEY', 'Maxime', ''),
(66, 'BARAILLE', 'Andre', ''),
(67, 'BAYLAUCQ', 'Bruno', ''),
(68, 'BERNATAS', 'Jean-Bernard', ''),
(69, 'BERROGAIN', 'Nicolas', ''),
(70, 'BETBEDER', 'Roger', ''),
(71, 'BEUDOU', 'Claude', ''),
(72, 'BLAYE', 'Michel', ''),
(73, 'BOCHER', 'Franck', ''),
(74, 'BONNECAZE', 'Marcel', ''),
(75, 'BORDEGARAY', 'Pierre', ''),
(76, 'BOURDET', 'Gisele', 'bourdet.gisele@wanadoo.fr'),
(77, 'BURS-ESCARY', 'Bernadette', 'burs.bernadette@wanadoo.fr'),
(78, 'CASANAVE-LAULIVE', 'Germain', ''),
(79, 'CAZABIELLE', 'Laurent', ''),
(80, 'CAZALA', 'Serge', ''),
(81, 'CIMORRA', 'Marie et Bernard', ''),
(82, 'DELAS et CIMORRA', 'Gilles et Genevieve', 'gilles.delas@yahoo.fr'),
(83, 'DIES', 'Frederic', ''),
(84, 'DOMENGUEUS', 'Bertrand', ''),
(85, 'DOMENGUEUS', 'Jean-Marc et Marie-Claude', ''),
(86, 'CAMOU JUNCA', 'Eric', ''),
(87, 'FAURIE', 'Pierre', ''),
(88, 'FORTON', 'Yoanna', 'yoyo-eh@hotmail.Fr'),
(89, 'FOURTICQ TIRET', 'Fabien', 'fabienfourticq@orange.fr / mmendiburu64@gmail.com'),
(90, 'GAEC', 'de la Portera', ''),
(91, 'GAEC', 'du Bouchet', ''),
(92, 'GAILLARD et REID', 'Jean-François et Caroline', 'cjfgaillard@gmail.com'),
(93, 'GUEDOT', 'Gédric', ''),
(94, 'HATOIG CASTERA', 'Michel', ''),
(95, 'HELBO', 'Sandrine et David', ''),
(96, 'HOURQUEIG', 'Daniel', ''),
(97, 'LABORDEBOY', 'Jean-Louis', '05 59 39 88 46'),
(98, 'LACOSTE', 'Jean-Louis', 'domaine.nigri@wanadoo.fr'),
(99, 'LAGOUARDETTE', 'Jean-Pierre', ''),
(100, 'LAHITETTE', 'Jantet', ''),
(101, 'LANDA', 'Cédric et Francette', ''),
(102, 'LANNE', 'Gerard', ''),
(103, 'LANNE TOUYAGUE', 'Jean-Bernard', ''),
(104, 'LARRAGNAGUA', 'Frédéric', ''),
(105, 'LARRE', 'Emmanuel', ''),
(106, 'LAUGA', 'Grégoire', ''),
(107, 'LES BERGERES GAEC', '', ''),
(108, 'LESCLOUPE', 'Martine', ''),
(109, 'LOUSTAU', 'Laurent', ''),
(110, 'LOUSTAU', 'Remi', ''),
(111, 'Lycée Professionnel Agricole', 'Oloron St Marie', 'mathilde.poivre@educagri.fr'),
(112, 'MAIGRE', 'Olivier', 'oliviermaigre@orange.fr'),
(113, 'MALEIG', 'Marcel', ''),
(114, 'MAUPEU', 'Hervé', ''),
(115, 'MAYSTROU', 'Joel', ''),
(116, 'MINVIEILLE BAYLE', 'Thierry', ''),
(117, 'MIRAMON', 'Michel', ''),
(118, 'MONTREJAU', '', ''),
(119, 'MORA', 'Bernard', ''),
(120, 'MURCUILLAT', 'Jean-Yves', ''),
(121, 'PAROIX', 'Joseph', ''),
(122, 'PRETOU', 'Patrick', ''),
(123, 'PUCHIN', 'Jean-Baptiste', ''),
(124, 'PUJALET', 'Patrick', ''),
(125, 'ROUSSEU', 'François', ''),
(126, 'SOMPS BARADAT', 'Raphael', ''),
(127, 'VIGNAU LANNE', 'Claude', ''),
(128, 'CAP', 'Michel', ''),
(129, 'CASSOU', 'André', ''),
(130, 'DOCHE ET FILS', '', ''),
(131, 'BOURGEOIS', 'Nicolas', ''),
(169, 'Parc cimetière Artigues', '', ''),
(232, 'PERNET', 'Sabrina (Château Palmer)', ''),
(438, 'MARTY', 'Pascal', ''),
(441, 'Domaine de Certes', '', ''),
(455, 'Doyhenard', 'Olivier', 'ogervais@infonie.fr'),
(456, 'Szpetkowski', 'Eric', ''),
(457, 'Cazenave', 'Sébastien', ''),
(458, 'Château de Commarque', '', ''),
(459, 'Gallard', 'Mael', ''),
(460, 'Glaser', 'Iska', 'ferme@iska-marina.fr'),
(461, 'Loiseau', 'Mickael', ''),
(462, 'Nattes', 'Yoan', ''),
(463, 'Pacha', '', ''),
(464, 'Vincenzi', 'Pierre', ''),
(465, 'Caussieu', 'Francis', '');

-- --------------------------------------------------------

--
-- Structure de la table `periodes`
--

DROP TABLE IF EXISTS `periodes`;
CREATE TABLE IF NOT EXISTS `periodes` (
  `id_periode` tinyint(3) UNSIGNED NOT NULL AUTO_INCREMENT,
  `date_debut` date NOT NULL,
  `date_fin` date DEFAULT NULL,
  `id_race` tinyint(3) UNSIGNED NOT NULL,
  PRIMARY KEY (`id_periode`),
  KEY `race` (`id_race`)
) ENGINE=InnoDB DEFAULT CHARSET=utf8;

-- --------------------------------------------------------

--
-- Structure de la table `previsions`
--

DROP TABLE IF EXISTS `previsions`;
CREATE TABLE IF NOT EXISTS `previsions` (
  `id_prevision` smallint(5) UNSIGNED NOT NULL AUTO_INCREMENT,
  `nbr_paillettes` varchar(10) NOT NULL,
  `id_periode` tinyint(3) UNSIGNED NOT NULL,
  `id_vache` varchar(40) NOT NULL,
  `id_taureau` varchar(40) NOT NULL,
  PRIMARY KEY (`id_prevision`),
  KEY `id_periode` (`id_periode`),
  KEY `id_taureau` (`id_taureau`),
  KEY `previsions_ibfk_3` (`id_vache`)
) ENGINE=InnoDB DEFAULT CHARSET=utf8;

-- --------------------------------------------------------

--
-- Structure de la table `races`
--

DROP TABLE IF EXISTS `races`;
CREATE TABLE IF NOT EXISTS `races` (
  `id_race` tinyint(3) UNSIGNED NOT NULL,
  `nom_race` varchar(40) NOT NULL,
  `seuil_min` decimal(4,2) DEFAULT NULL,
  `seuil_max` decimal(4,2) DEFAULT NULL,
  PRIMARY KEY (`id_race`)
) ENGINE=InnoDB DEFAULT CHARSET=utf8;

--
-- Déchargement des données de la table `races`
--

INSERT INTO `races` (`id_race`, `nom_race`, `seuil_min`, `seuil_max`) VALUES
(5, 'Bordelaise', NULL, NULL),
(6, 'Marine', NULL, NULL),
(19, 'Béarnaise', NULL, NULL);

-- --------------------------------------------------------

--
-- Structure de la table `races_intermediaire`
--

DROP TABLE IF EXISTS `races_intermediaire`;
CREATE TABLE IF NOT EXISTS `races_intermediaire` (
  `id_race_int` tinyint(3) UNSIGNED NOT NULL AUTO_INCREMENT,
  `nom_race` varchar(20) NOT NULL,
  PRIMARY KEY (`id_race_int`)
) ENGINE=InnoDB AUTO_INCREMENT=20 DEFAULT CHARSET=utf8;

--
-- Déchargement des données de la table `races_intermediaire`
--

INSERT INTO `races_intermediaire` (`id_race_int`, `nom_race`) VALUES
(5, 'Bordelaise'),
(6, 'Marine'),
(19, 'Béarnaise');

-- --------------------------------------------------------

--
-- Structure de la table `type_utilisateur`
--

DROP TABLE IF EXISTS `type_utilisateur`;
CREATE TABLE IF NOT EXISTS `type_utilisateur` (
  `id_type` tinyint(3) UNSIGNED NOT NULL,
  `libelle_type` varchar(30) NOT NULL,
  PRIMARY KEY (`id_type`)
) ENGINE=InnoDB DEFAULT CHARSET=utf8 COMMENT='Attribution des droits';

--
-- Déchargement des données de la table `type_utilisateur`
--

INSERT INTO `type_utilisateur` (`id_type`, `libelle_type`) VALUES
(1, 'Eleveur'),
(3, 'Administrateur'),
(21, 'Animateur marine'),
(22, 'Animateur bordelaise'),
(23, 'Animateur bazadaise');

-- --------------------------------------------------------

--
-- Structure de la table `utilisateurs`
--

DROP TABLE IF EXISTS `utilisateurs`;
CREATE TABLE IF NOT EXISTS `utilisateurs` (
  `id_utilisateur` smallint(5) UNSIGNED NOT NULL,
  `nom` varchar(50) NOT NULL,
  `prenom` varchar(50) NOT NULL,
  `email` varchar(80) DEFAULT NULL,
  `identifiant` varchar(30) DEFAULT NULL,
  `mdp` char(8) DEFAULT NULL,
  `id_type` tinyint(3) UNSIGNED NOT NULL DEFAULT '1',
  `id_race_admin` smallint(6) DEFAULT NULL,
  PRIMARY KEY (`id_utilisateur`),
  KEY `id_type` (`id_type`)
) ENGINE=InnoDB DEFAULT CHARSET=utf8 COMMENT='table des utilisateurs';

--
-- Déchargement des données de la table `utilisateurs`
--

INSERT INTO `utilisateurs` (`id_utilisateur`, `nom`, `prenom`, `email`, `identifiant`, `mdp`, `id_type`, `id_race_admin`) VALUES
(1, 'XXX', 'AAA', 'aaa@gmail.com', NULL, NULL, 1, NULL),
(2, 'AUGEAU', 'Francis', '', NULL, NULL, 1, NULL),
(3, 'BIOLATO', 'Jean-Paul', '', NULL, NULL, 1, NULL),
(4, 'BOCHE', 'Philippe', '', NULL, NULL, 1, NULL),
(5, 'Prairies du Bois de Bordeaux', '', '', NULL, NULL, 1, NULL),
(6, 'CASTETBIEILH', 'Fabienne et Jacques', 'bibane64@wanadoo.fr', NULL, NULL, 1, NULL),
(7, 'FROSSARD', 'Jacques', 'jacques.frossard@gmail.com', NULL, NULL, 1, NULL),
(8, 'Château Palmer (NE PAS UTILISER)', '', '', NULL, NULL, 1, NULL),
(9, 'Château Pontet Canet', '', '', NULL, NULL, 1, NULL),
(10, 'COSTEDOAT', 'Marie', 'mariecostedoat40330@gmail.com', NULL, NULL, 1, NULL),
(11, 'DARROMAN', 'Rémy', '', NULL, NULL, 1, NULL),
(12, 'MARBAN', 'Joël', '', NULL, NULL, 1, NULL),
(13, 'DUBOIS', 'Jean-Denis', '', NULL, NULL, 1, NULL),
(14, 'DUTRUEL', 'Jacques', 'jacquesmanibe@fermegasconne.com', NULL, NULL, 1, NULL),
(15, 'EARL Des Broutissoux', '', '', NULL, NULL, 1, NULL),
(16, 'FERRAND EARL Lait P\'tits Béarnais', '', '', NULL, NULL, 1, NULL),
(17, 'BELIN', 'Céline (Ferme Mérignac)', 'ferme.decouverte@merignac.com', NULL, NULL, 1, NULL),
(18, 'GAEC Goyhexia', '', '', NULL, NULL, 1, NULL),
(19, 'GERNIEC', 'Agnès', '', NULL, NULL, 1, NULL),
(20, 'GUENON', 'Christophe', 'guenon.christophe33@gmail.com', NULL, NULL, 1, NULL),
(21, 'LALANNE', 'Boris', '', NULL, NULL, 1, NULL),
(22, 'LATASTE', 'Marie-France et Hugues', '', NULL, NULL, 1, NULL),
(23, 'LEROUX', 'Christophe', '', NULL, NULL, 1, NULL),
(24, 'LOVATO', 'Géraldine', '', NULL, NULL, 1, NULL),
(25, 'MAISON', 'de la Nature', 'maisondelanature@ville-gradignan.fr', NULL, NULL, 1, NULL),
(26, 'MAROT', 'Nadine', '', NULL, NULL, 1, NULL),
(27, 'MARTET', 'Damien', 'dmartet@groupama-ca.fr', NULL, NULL, 1, NULL),
(28, 'VAUGEOIS', 'Delphine', '', NULL, NULL, 1, NULL),
(29, 'TITE', 'Laurent', 'laurenttite@free.fr', NULL, NULL, 1, NULL),
(30, 'SCEA des Deux Pierre', '', '', NULL, NULL, 1, NULL),
(31, 'YASSAI', 'Yoann', '', NULL, NULL, 1, NULL),
(32, 'MASSEILLOU', 'Christian', '', NULL, NULL, 1, NULL),
(33, 'MAZIERE', 'Lisiane', '', NULL, NULL, 1, NULL),
(34, 'OUDIN', 'Patricia et Marc', 'oudin.marc@wanadoo.fr', NULL, NULL, 1, NULL),
(35, 'PERRIOL', 'Isabelle', '', NULL, NULL, 1, NULL),
(36, 'PORTE', 'Jean Bernard', '', NULL, NULL, 1, NULL),
(37, 'SAINT ORENS', 'Jean-François', '', NULL, NULL, 1, NULL),
(38, 'UBBEDA', 'Christophe', '', NULL, NULL, 1, NULL),
(39, 'VASSEUR', 'Jean-Luc', 'harasdebazille@aol.com', NULL, NULL, 1, NULL),
(40, 'VERGNE', 'Michel', '', NULL, NULL, 1, NULL),
(41, 'PREVOT', 'Daniel', '', NULL, NULL, 1, NULL),
(42, 'YOUX', 'Xavier', '', NULL, NULL, 1, NULL),
(43, 'SEUVE', 'Eric', '', NULL, NULL, 1, NULL),
(44, 'RESERVE', 'Cousseau', 'sepanso33@sepanso.fr', NULL, NULL, 1, NULL),
(45, 'MARAIS', 'Lafite', 'sepanso33@sepanso.org', NULL, NULL, 1, NULL),
(46, 'RESERVE', 'Bruges', 'sepanso33@sepanso.org', NULL, NULL, 1, NULL),
(47, 'DUBUC', 'Dominique', '', NULL, NULL, 1, NULL),
(48, 'VERDON', 'Serge', '', NULL, NULL, 1, NULL),
(49, 'CRA', 'Avensan', '', NULL, NULL, 1, NULL),
(50, 'CRA', 'Batejin', '', NULL, NULL, 1, NULL),
(51, 'CRA', 'Hourtin', '', NULL, NULL, 1, NULL),
(52, 'MARAIS', 'CISSAC', 'sepanso33@sepanso.org', NULL, NULL, 1, NULL),
(53, 'FDC', '40', 'contact@fdc40.fr', NULL, NULL, 1, NULL),
(54, 'PARC', 'Floral', '', NULL, NULL, 1, NULL),
(55, 'SAINTE', 'Hélène', '', NULL, NULL, 1, NULL),
(58, 'CHARRIE', 'Eric', '', NULL, NULL, 1, NULL),
(59, 'LE NOHAIC', 'Philippe', '', NULL, NULL, 1, NULL),
(60, 'NABOS', 'Pierre', 'pierre.nabos@hotmail.fr', NULL, NULL, 1, NULL),
(61, 'MASSOUBRE', 'Dominique', '', NULL, NULL, 1, NULL),
(62, 'AIME', 'Sylvain', '', NULL, NULL, 1, NULL),
(63, 'ARRIEULA', 'Jean-Bernard', '', NULL, NULL, 1, NULL),
(64, 'ARRIUBERGE', 'Jean-Pierre', '', NULL, NULL, 1, NULL),
(65, 'BLANCEY', 'Maxime', '', NULL, NULL, 1, NULL),
(66, 'BARAILLE', 'Andre', '', NULL, NULL, 1, NULL),
(67, 'BAYLAUCQ', 'Bruno', '', NULL, NULL, 1, NULL),
(68, 'BERNATAS', 'Jean-Bernard', '', NULL, NULL, 1, NULL),
(69, 'BERROGAIN', 'Nicolas', '', NULL, NULL, 1, NULL),
(70, 'BETBEDER', 'Roger', '', NULL, NULL, 1, NULL),
(71, 'BEUDOU', 'Claude', '', NULL, NULL, 1, NULL),
(72, 'BLAYE', 'Michel', '', NULL, NULL, 1, NULL),
(73, 'BOCHER', 'Franck', '', NULL, NULL, 1, NULL),
(74, 'BONNECAZE', 'Marcel', '', NULL, NULL, 1, NULL),
(75, 'BORDEGARAY', 'Pierre', '', NULL, NULL, 1, NULL),
(76, 'BOURDET', 'Gisele', 'bourdet.gisele@wanadoo.fr', NULL, NULL, 1, NULL),
(77, 'BURS-ESCARY', 'Bernadette', 'burs.bernadette@wanadoo.fr', NULL, NULL, 1, NULL),
(78, 'CASANAVE-LAULIVE', 'Germain', '', NULL, NULL, 1, NULL),
(79, 'CAZABIELLE', 'Laurent', '', NULL, NULL, 1, NULL),
(80, 'CAZALA', 'Serge', '', NULL, NULL, 1, NULL),
(81, 'CIMORRA', 'Marie et Bernard', '', NULL, NULL, 1, NULL),
(82, 'DELAS et CIMORRA', 'Gilles et Genevieve', 'gilles.delas@yahoo.fr', NULL, NULL, 1, NULL),
(83, 'DIES', 'Frederic', '', NULL, NULL, 1, NULL),
(84, 'DOMENGUEUS', 'Bertrand', '', NULL, NULL, 1, NULL),
(85, 'DOMENGUEUS', 'Jean-Marc et Marie-Claude', '', NULL, NULL, 1, NULL),
(86, 'CAMOU JUNCA', 'Eric', '', NULL, NULL, 1, NULL),
(87, 'FAURIE', 'Pierre', '', NULL, NULL, 1, NULL),
(88, 'FORTON', 'Yoanna', 'yoyo-eh@hotmail.Fr', NULL, NULL, 1, NULL),
(89, 'FOURTICQ TIRET', 'Fabien', 'fabienfourticq@orange.fr / mmendiburu64@gmail.com', NULL, NULL, 1, NULL),
(90, 'GAEC', 'de la Portera', '', NULL, NULL, 1, NULL),
(91, 'GAEC', 'du Bouchet', '', NULL, NULL, 1, NULL),
(92, 'GAILLARD et REID', 'Jean-François et Caroline', 'cjfgaillard@gmail.com', NULL, NULL, 1, NULL),
(93, 'GUEDOT', 'Gédric', '', NULL, NULL, 1, NULL),
(94, 'HATOIG CASTERA', 'Michel', '', NULL, NULL, 1, NULL),
(95, 'HELBO', 'Sandrine et David', '', NULL, NULL, 1, NULL),
(96, 'HOURQUEIG', 'Daniel', '', NULL, NULL, 1, NULL),
(97, 'LABORDEBOY', 'Jean-Louis', '05 59 39 88 46', NULL, NULL, 1, NULL),
(98, 'LACOSTE', 'Jean-Louis', 'domaine.nigri@wanadoo.fr', NULL, NULL, 1, NULL),
(99, 'LAGOUARDETTE', 'Jean-Pierre', '', NULL, NULL, 1, NULL),
(100, 'LAHITETTE', 'Jantet', '', NULL, NULL, 1, NULL),
(101, 'LANDA', 'Cédric et Francette', '', NULL, NULL, 1, NULL),
(102, 'LANNE', 'Gerard', '', NULL, NULL, 1, NULL),
(103, 'LANNE TOUYAGUE', 'Jean-Bernard', '', NULL, NULL, 1, NULL),
(104, 'LARRAGNAGUA', 'Frédéric', '', NULL, NULL, 1, NULL),
(105, 'LARRE', 'Emmanuel', '', NULL, NULL, 1, NULL),
(106, 'LAUGA', 'Grégoire', '', NULL, NULL, 1, NULL),
(107, 'LES BERGERES GAEC', '', '', NULL, NULL, 1, NULL),
(108, 'LESCLOUPE', 'Martine', '', NULL, NULL, 1, NULL),
(109, 'LOUSTAU', 'Laurent', '', NULL, NULL, 1, NULL),
(110, 'LOUSTAU', 'Remi', '', NULL, NULL, 1, NULL),
(111, 'Lycée Professionnel Agricole', 'Oloron St Marie', 'mathilde.poivre@educagri.fr', NULL, NULL, 1, NULL),
(112, 'MAIGRE', 'Olivier', 'oliviermaigre@orange.fr', NULL, NULL, 1, NULL),
(113, 'MALEIG', 'Marcel', '', NULL, NULL, 1, NULL),
(114, 'MAUPEU', 'Hervé', '', NULL, NULL, 1, NULL),
(115, 'MAYSTROU', 'Joel', '', NULL, NULL, 1, NULL),
(116, 'MINVIEILLE BAYLE', 'Thierry', '', NULL, NULL, 1, NULL),
(117, 'MIRAMON', 'Michel', '', NULL, NULL, 1, NULL),
(118, 'MONTREJAU', '', '', NULL, NULL, 1, NULL),
(119, 'MORA', 'Bernard', '', NULL, NULL, 1, NULL),
(120, 'MURCUILLAT', 'Jean-Yves', '', NULL, NULL, 1, NULL),
(121, 'PAROIX', 'Joseph', '', NULL, NULL, 1, NULL),
(122, 'PRETOU', 'Patrick', '', NULL, NULL, 1, NULL),
(123, 'PUCHIN', 'Jean-Baptiste', '', NULL, NULL, 1, NULL),
(124, 'PUJALET', 'Patrick', '', NULL, NULL, 1, NULL),
(125, 'ROUSSEU', 'François', '', NULL, NULL, 1, NULL),
(126, 'SOMPS BARADAT', 'Raphael', '', NULL, NULL, 1, NULL),
(127, 'VIGNAU LANNE', 'Claude', '', NULL, NULL, 1, NULL),
(128, 'CAP', 'Michel', '', NULL, NULL, 1, NULL),
(129, 'CASSOU', 'André', '', NULL, NULL, 1, NULL),
(130, 'DOCHE ET FILS', '', '', NULL, NULL, 1, NULL),
(131, 'BOURGEOIS', 'Nicolas', '', NULL, NULL, 1, NULL),
(169, 'Parc cimetière Artigues', '', '', NULL, NULL, 1, NULL),
(232, 'PERNET', 'Sabrina (Château Palmer)', '', NULL, NULL, 1, NULL),
(438, 'MARTY', 'Pascal', '', NULL, NULL, 1, NULL),
(441, 'Domaine de Certes', '', '', NULL, NULL, 1, NULL),
(455, 'Doyhenard', 'Olivier', 'ogervais@infonie.fr', NULL, NULL, 1, NULL),
(456, 'Szpetkowski', 'Eric', '', NULL, NULL, 1, NULL),
(457, 'Cazenave', 'Sébastien', '', NULL, NULL, 1, NULL),
(458, 'Château de Commarque', '', '', NULL, NULL, 1, NULL),
(459, 'Gallard', 'Mael', '', NULL, NULL, 1, NULL),
(460, 'Glaser', 'Iska', 'ferme@iska-marina.fr', NULL, NULL, 1, NULL),
(461, 'Loiseau', 'Mickael', '', NULL, NULL, 1, NULL),
(462, 'Nattes', 'Yoan', '', NULL, NULL, 1, NULL),
(463, 'Pacha', '', '', NULL, NULL, 1, NULL),
(464, 'Vincenzi', 'Pierre', '', NULL, NULL, 1, NULL),
(465, 'Caussieu', 'Francis', '', NULL, NULL, 1, NULL);

--
-- Contraintes pour les tables déchargées
--

--
-- Contraintes pour la table `bovins`
--
ALTER TABLE `bovins`
  ADD CONSTRAINT `bovins_ibfk_1` FOREIGN KEY (`id_race`) REFERENCES `races` (`id_race`) ON DELETE CASCADE ON UPDATE CASCADE,
  ADD CONSTRAINT `bovins_ibfk_2` FOREIGN KEY (`id_utilisateur`) REFERENCES `utilisateurs` (`id_utilisateur`) ON DELETE CASCADE ON UPDATE CASCADE;

--
-- Contraintes pour la table `coefficients`
--
ALTER TABLE `coefficients`
  ADD CONSTRAINT `coefficients_ibfk_1` FOREIGN KEY (`id_taureau`) REFERENCES `bovins` (`id_bovin`),
  ADD CONSTRAINT `coefficients_ibfk_2` FOREIGN KEY (`id_vache`) REFERENCES `bovins` (`id_bovin`);

--
-- Contraintes pour la table `periodes`
--
ALTER TABLE `periodes`
  ADD CONSTRAINT `race` FOREIGN KEY (`id_race`) REFERENCES `races` (`id_race`) ON DELETE CASCADE ON UPDATE CASCADE;

--
-- Contraintes pour la table `previsions`
--
ALTER TABLE `previsions`
  ADD CONSTRAINT `previsions_ibfk_1` FOREIGN KEY (`id_periode`) REFERENCES `periodes` (`id_periode`) ON DELETE CASCADE ON UPDATE CASCADE,
  ADD CONSTRAINT `previsions_ibfk_2` FOREIGN KEY (`id_taureau`) REFERENCES `bovins` (`id_bovin`) ON DELETE CASCADE ON UPDATE CASCADE,
  ADD CONSTRAINT `previsions_ibfk_3` FOREIGN KEY (`id_vache`) REFERENCES `bovins` (`id_bovin`) ON DELETE CASCADE ON UPDATE CASCADE;

--
-- Contraintes pour la table `utilisateurs`
--
ALTER TABLE `utilisateurs`
  ADD CONSTRAINT `utilisateurs_ibfk_1` FOREIGN KEY (`id_type`) REFERENCES `type_utilisateur` (`id_type`) ON DELETE CASCADE ON UPDATE CASCADE;
COMMIT;

/*!40101 SET CHARACTER_SET_CLIENT=@OLD_CHARACTER_SET_CLIENT */;
/*!40101 SET CHARACTER_SET_RESULTS=@OLD_CHARACTER_SET_RESULTS */;
/*!40101 SET COLLATION_CONNECTION=@OLD_COLLATION_CONNECTION */;
